ID_deNovo;SMILES;Name;InChI;Formula;MW;LogP;pKd;Structure;Synthesize;Chemical;SMILES_curated
HD8_HD001;OC(=S)NC1=CC=C(C(=C1)/C=C/CC1=NC(=CN1)[C@H](C)S)C=C;6/000000103;InChI=1S/C17H19N3OS2/c1-3-12-7-8-14(19-17(21)23)9-13(12)5-4-6-16-18-10-15(20-16)11(2)22/h3-5,7-11,22H,1,6H2,2H3,(H,18,20)(H2,19,21,23)/b5-4+/t11-/m0/s1;C17H19N3OS2;345;3.45;4.63;-11.5;24.7;-170;C=Cc1ccc(NC(O)=S)cc1/C=C/Cc1nc([C@H](C)S)c[nH]1
HD8_HD002;OC1=CC=C(C(=C1)C1=CC(Cl)=CC(=C1O)Cl)CC(=O)C;3/000000076;InChI=1S/C15H12Cl2O3/c1-8(18)4-9-2-3-11(19)7-12(9)13-5-10(16)6-14(17)15(13)20/h2-3,5-7,19-20H,4H2,1H3;C15H12O3Cl2;310;4.09;4.54;-6.86;15.0;-180;CC(=O)Cc1ccc(O)cc1-c1cc(Cl)cc(Cl)c1O
HD8_HD003;OC(=O)C/C=C/C1=CNC(=NC1)C1=C(Br)C=NN1;4/000000002;InChI=1S/C11H11BrN4O2/c12-8-6-15-16-10(8)11-13-4-7(5-14-11)2-1-3-9(17)18/h1-2,4,6H,3,5H2,(H,13,14)(H,15,16)(H,17,18)/b2-1+;C11H11N4O2Br;311;1.27;4.5;-2.49;23.9;-160;O=C(O)C/C=C/C1=CNC(c2[nH]ncc2Br)=NC1
HD8_HD004;OC1=CC=C(C=C1)CC#CC1C(I)=CN=C(C=1Cl)N;3/000000134;InChI=1S/C14H10ClIN2O/c15-13-11(12(16)8-18-14(13)17)3-1-2-9-4-6-10(19)7-5-9/h4-8,19H,2H2,(H2,17,18);C14H10N2OClI;384;4.38;4.48;-5.8;16.4;0;Nc1ncc(I)c(C#CCc2ccc(O)cc2)c1Cl
HD8_HD005;OC1=CC=C(C=C1[C@H](CC1=CSN=C1)O)C(=C)C=C;3/000000315;InChI=1S/C15H15NO2S/c1-3-10(2)12-4-5-14(17)13(7-12)15(18)6-11-8-16-19-9-11/h3-5,7-9,15,17-18H,1-2,6H2/t15-/m0/s1;C15H15NO2S;273;2.62;4.34;-5.32;19.1;-150;C=CC(=C)c1ccc(O)c([C@@H](O)Cc2cnsc2)c1
HD8_HD006;OC1=CC=C(C=C1[C@H](CC1=NC=CN1)O)C(=C)C=C;3/000000223;InChI=1S/C15H16N2O2/c1-3-10(2)11-4-5-13(18)12(8-11)14(19)9-15-16-6-7-17-15/h3-8,14,18-19H,1-2,9H2,(H,16,17)/t14-/m0/s1;C15H16N2O2;256;1.67;4.22;-5.56;17.1;-150;C=CC(=C)c1ccc(O)c([C@@H](O)Cc2ncc[nH]2)c1
HD8_HD007;OC(=O)C/C=C/C1=CNC(=NC1)C1=CCON1;4/000000132;InChI=1S/C11H13N3O3/c15-10(16)3-1-2-8-6-12-11(13-7-8)9-4-5-17-14-9/h1-2,4,6,14H,3,5,7H2,(H,12,13)(H,15,16)/b2-1+;C11H13N3O3;235;0.36;4.17;-2.35;20.4;-160;O=C(O)C/C=C/C1=CNC(C2=CCON2)=NC1
HD8_HD008;SC[C@](C1=CN=C(N1)/C=C/COC(=O)CC)(C1=NN=CS1)O;4/000000140;InChI=1S/C13H16N4O3S2/c1-2-11(18)20-5-3-4-10-14-6-9(16-10)13(19,7-21)12-17-15-8-22-12/h3-4,6,8,19,21H,2,5,7H2,1H3,(H,14,16)/b4-3+/t13-/m0/s1;C13H16N4O3S2;340;1.59;4.15;-2.86;3.58;-190;CCC(=O)OC/C=C/c1ncc([C@@](O)(CS)c2nncs2)[nH]1
HD8_HD009;OCC1C=C(Cl)C(=CC=1[C@H](N(=O)=O)C#CCN)Cl;4/000000174;InChI=1S/C11H10Cl2N2O3/c12-9-4-7(6-16)8(5-10(9)13)11(15(17)18)2-1-3-14/h4-5,11,16H,3,6,14H2/t11-/m1/s1;C11H10N2O3Cl2;288;1.91;4.15;-7.78;19.4;-150;NCC#C[C@H](c1cc(Cl)c(Cl)cc1CO)[N+](=O)[O-]
HD8_HD010;OC1=CC=CC(=C1)C1C=C(C(=O)N)C=C(C=1)N(=O)=O;3/000000051;InChI=1S/C13H10N2O4/c14-13(17)10-4-9(5-11(6-10)15(18)19)8-2-1-3-12(16)7-8/h1-7,16H,(H2,14,17);C13H10N2O4;258;2.34;4.13;-6.81;2.22;-180;NC(=O)c1cc(-c2cccc(O)c2)cc([N+](=O)[O-])c1
HD8_HD011;OC1=CC=C(C=C1)C(=C)C(=O)C1C=CC=C(C=1Br)C(=O)NN;2/000000016;InChI=1S/C16H13BrN2O3/c1-9(10-5-7-11(20)8-6-10)15(21)12-3-2-4-13(14(12)17)16(22)19-18/h2-8,20H,1,18H2,(H,19,22);C16H13N2O3Br;361;2.81;4.02;-2.42;3.58;-34;C=C(C(=O)c1cccc(C(=O)NN)c1Br)c1ccc(O)cc1
HD8_HD012;C1=CC=C(C=C1C[NH3+])/C(=C\CC)/C=C/CS(=O)(=O)N;5/000000128;InChI=1S/C14H20N2O2S/c1-2-5-13(8-4-9-19(16,17)18)14-7-3-6-12(10-14)11-15/h3-8,10H,2,9,11,15H2,1H3,(H2,16,17,18)/p+1/b8-4+,13-5-;C14H21N2O2S;281;1.08;4.02;-2.34;5.09;-20;CC/C=C(/C=C/CS(N)(=O)=O)c1cccc(CN)c1
HD8_HD013;C(=S)C1C2=C(NC=C2)C=C(C=1)[S@@](=O)CC/C=C/[C@@H]1NCCC1;3/000000186;InChI=1S/C17H20N2OS2/c20-22(9-2-1-4-14-5-3-7-18-14)15-10-13(12-21)16-6-8-19-17(16)11-15/h1,4,6,8,10-12,14,18-19H,2-3,5,7,9H2/b4-1+/t14-,22-/m0/s1;C17H20N2OS2;332;1.75;3.98;-4.81;22.3;-190;[O-][S@@+](CC/C=C/[C@H]1CCCN1)c1cc(C=S)c2cc[nH]c2c1
HD8_HD014;OC1=C(O)C=C(C=C1[C@H](C)O)C(=C)C=C;3/000000300;InChI=1S/C12H14O3/c1-4-7(2)9-5-10(8(3)13)12(15)11(14)6-9/h4-6,8,13-15H,1-2H2,3H3/t8-/m0/s1;C12H14O3;206;1.87;3.97;-4.72;3.85;-170;C=CC(=C)c1cc(O)c(O)c([C@H](C)O)c1
HD8_HD015;OC(=S)NC1C=C(OC2C(Br)=CC=CC=2O)C(=CC=1)C=C;6/000000115;InChI=1S/C15H12BrNO3S/c1-2-9-6-7-10(17-15(19)21)8-13(9)20-14-11(16)4-3-5-12(14)18/h2-8,18H,1H2,(H2,17,19,21);C15H12NO3SBr;366;4.03;3.96;-10.94;18.4;-20;C=Cc1ccc(NC(O)=S)cc1Oc1c(O)cccc1Br
HD8_HD016;OCC(=O)OC1C=CC(=C(C=1CNC=C)C1=NCC=C1)Br;2/000000040;InChI=1S/C15H15BrN2O3/c1-2-17-8-10-13(21-14(20)9-19)6-5-11(16)15(10)12-4-3-7-18-12/h2-6,17,19H,1,7-9H2;C15H15N2O3Br;351;1.58;3.96;-6.66;20.9;-140;C=CNCc1c(OC(=O)CO)ccc(Br)c1C1=NCC=C1
HD8_HD017;C#CC1C(C2=NNC(=S)O2)=CC=C(C=1)NC(=S)O;6/000000010;InChI=1S/C11H7N3O2S2/c1-2-6-5-7(12-10(15)17)3-4-8(6)9-13-14-11(18)16-9/h1,3-5H,(H,14,18)(H2,12,15,17);C11H7N3O2S2;277;2.88;3.94;-8.83;24.2;-180;C#Cc1cc(NC(O)=S)ccc1-c1n[nH]c(=S)o1
HD8_HD018;OC(=S)NC1=CC=C(C(=C1)C1=CCC=CC1=O)C=C;6/000000045;InChI=1S/C15H13NO2S/c1-2-10-7-8-11(16-15(18)19)9-13(10)12-5-3-4-6-14(12)17/h2,4-9H,1,3H2,(H2,16,18,19);C15H13NO2S;271;2.62;3.94;-7.55;19.7;-200;C=Cc1ccc(NC(O)=S)cc1C1=CCC=CC1=O
HD8_HD019;OCN[C@@H](CC[S@](=O)CF)C1C=C(N)C=CC=1Cl;3/000000183;InChI=1S/C11H16ClFN2O2S/c12-10-2-1-8(14)5-9(10)11(15-7-16)3-4-18(17)6-13/h1-2,5,11,15-16H,3-4,6-7,14H2/t11-,18-/m0/s1;C11H16N2O2SFCl;294;0.44;3.94;-5.42;3.72;-150;Nc1ccc(Cl)c([C@H](CC[S@+]([O-])CF)NCO)c1
HD8_HD020;OC(=S)NC1=CC=C(C(=C1)C1=CC(=O)C1=O)/C=C/CBr;6/000000066;InChI=1S/C14H10BrNO3S/c15-5-1-2-8-3-4-9(16-14(19)20)6-10(8)11-7-12(17)13(11)18/h1-4,6-7H,5H2,(H2,16,19,20)/b2-1+;C14H10NO3SBr;352;2.38;3.93;-9.89;22.0;-120;O=c1cc(-c2cc(NC(O)=S)ccc2/C=C/CBr)c1=O
HD8_HD021;OC[C@@H]1N=C(NC=C1/C=C/CC(=O)O)CF;4/000000064;InChI=1S/C10H13FN2O3/c11-4-9-12-5-7(8(6-14)13-9)2-1-3-10(15)16/h1-2,5,8,14H,3-4,6H2,(H,12,13)(H,15,16)/b2-1+/t8-/m0/s1;C10H13N2O3F;228;-0.34;3.93;-2.29;3.72;-170;O=C(O)C/C=C/C1=CNC(CF)=N[C@H]1CO
HD8_HD022;OC(=S)NC1=CC=C(C(=C1)C(=O)N(C/C=C/C)C)C=C;6/000000057;InChI=1S/C15H18N2O2S/c1-4-6-9-17(3)14(18)13-10-12(16-15(19)20)8-7-11(13)5-2/h4-8,10H,2,9H2,1,3H3,(H2,16,19,20)/b6-4+;C15H18N2O2S;290;2.63;3.92;-10.8;5.09;-80;C=Cc1ccc(NC(O)=S)cc1C(=O)N(C)C/C=C/C
HD8_HD023;OC1=CC=CC(=C1)[C@H](NNCN)SCC1=NC=NC=C1;3/000000335;InChI=1S/C13H17N5OS/c14-8-17-18-13(10-2-1-3-12(19)6-10)20-7-11-4-5-15-9-16-11/h1-6,9,13,17-19H,7-8,14H2/t13-/m1/s1;C13H17N5OS;291;1.27;3.92;-5.48;16.1;-170;NCNN[C@H](SCc1ccncn1)c1cccc(O)c1
HD8_HD024;OC(=O)C/C=C/C1=CN(C=N[C@H]1C#CC)CC(=O)O;4/000000164;InChI=1S/C13H14N2O4/c1-2-4-11-10(5-3-6-12(16)17)7-15(9-14-11)8-13(18)19/h3,5,7,9,11H,6,8H2,1H3,(H,16,17)(H,18,19)/b5-3+/t11-/m0/s1;C13H14N2O4;262;0.54;3.91;-3.16;22.9;-170;CC#C[C@@H]1N=CN(CC(=O)O)C=C1/C=C/CC(=O)O
HD8_HD025;SC1C=CC(=C(C=1)/C(=C\C)/C/C=C\N)C1=NC(=O)ON1;5/000000014;InChI=1S/C14H15N3O2S/c1-2-9(4-3-7-15)12-8-10(20)5-6-11(12)13-16-14(18)19-17-13/h2-3,5-8,20H,4,15H2,1H3,(H,16,17,18)/b7-3-,9-2-;C14H15N3O2S;289;2.43;3.9;-5.24;20.4;-180;C/C=C(/C/C=C\N)c1cc(S)ccc1-c1nc(=O)o[nH]1
HD8_HD026;O=N(=O)/C=C/C(C(=C)NC1C=CC=C(C=1Cl)Cl)(N)N;1/000000004;InChI=1S/C11H12Cl2N4O2/c1-7(11(14,15)5-6-17(18)19)16-9-4-2-3-8(12)10(9)13/h2-6,16H,1,14-15H2/b6-5+;C11H12N4O2Cl2;302;2.08;3.9;-6.87;20.2;-190;C=C(Nc1cccc(Cl)c1Cl)C(N)(N)/C=C/[N+](=O)[O-]
HD8_HD027;OC1=CC=C(C(=C1)C1=NNC(=S)O1)C(=C)/C=C/CC;3/000000273;InChI=1S/C14H14N2O2S/c1-3-4-5-9(2)11-7-6-10(17)8-12(11)13-15-16-14(19)18-13/h4-8,17H,2-3H2,1H3,(H,16,19)/b5-4+;C14H14N2O2S;274;3.87;3.89;-10.87;20.1;-140;C=C(/C=C/CC)c1ccc(O)cc1-c1n[nH]c(=S)o1
HD8_HD028;OC(=S)NC1=CC=C(C(=C1)/C=C/CNCC)C(=C)CCl;6/000000136;InChI=1S/C15H19ClN2OS/c1-3-17-8-4-5-12-9-13(18-15(19)20)6-7-14(12)11(2)10-16/h4-7,9,17H,2-3,8,10H2,1H3,(H2,18,19,20)/b5-4+;C15H19N2OSCl;310;3.07;3.89;-10.8;19.2;-80;C=C(CCl)c1ccc(NC(O)=S)cc1/C=C/CNCC
HD8_HD029;OC[C@H](N(C/C=C/CON)C)C1=CC(Cl)=CC=C1S;1/000000011;InChI=1S/C13H19ClN2O2S/c1-16(6-2-3-7-18-15)12(9-17)11-8-10(14)4-5-13(11)19/h2-5,8,12,17,19H,6-7,9,15H2,1H3/b3-2+/t12-/m0/s1;C13H19N2O2SCl;302;1.55;3.89;-2.82;5.09;-190;CN(C/C=C/CON)[C@@H](CO)c1cc(Cl)ccc1S
HD8_HD030;C#CC1=CC(=CC=C1C[C@@H](C=C)N)NC(=S)O;6/000000087;InChI=1S/C13H14N2OS/c1-3-9-8-12(15-13(16)17)6-5-10(9)7-11(14)4-2/h1,4-6,8,11H,2,7,14H2,(H2,15,16,17)/t11-/m1/s1;C13H14N2OS;246;2.14;3.88;-8.27;18.1;-190;C#Cc1cc(NC(O)=S)ccc1C[C@H](N)C=C
HD8_HD031;OC1=C(O)C=C(C(=C1)Cl)C(=O)O[C@@H](/C=C/N)C=C;2/000000047;InChI=1S/C12H12ClNO4/c1-2-7(3-4-14)18-12(17)8-5-10(15)11(16)6-9(8)13/h2-7,15-16H,1,14H2/b4-3+/t7-/m1/s1;C12H12NO4Cl;269;2.12;3.88;-1.55;3.85;-150;C=C[C@H](/C=C/N)OC(=O)c1cc(O)c(O)cc1Cl
HD8_HD032;C1=CNC2=C1C=CC(=C2)[S@@](=O)CC/C=C/[C@@H]1NCCC1;3/000000029;InChI=1S/C16H20N2OS/c19-20(11-2-1-4-14-5-3-9-17-14)15-7-6-13-8-10-18-16(13)12-15/h1,4,6-8,10,12,14,17-18H,2-3,5,9,11H2/b4-1+/t14-,20-/m0/s1;C16H20N2OS;288;1.8;3.86;-1.77;18.0;-190;[O-][S@@+](CC/C=C/[C@H]1CCCN1)c1ccc2cc[nH]c2c1
HD8_HD033;OC1=CC=C(C=C1[C@H](C)O)C(=C)C=C;3/000000213;InChI=1S/C12H14O2/c1-4-8(2)10-5-6-12(14)11(7-10)9(3)13/h4-7,9,13-14H,1-2H2,3H3/t9-/m0/s1;C12H14O2;190;2.28;3.85;-4.3;2.35;-170;C=CC(=C)c1ccc(O)c([C@H](C)O)c1
HD8_HD034;OC(=O)C1=C(N=CN1)[C@@H](/C=C/C1=C(S)C=C(C(=C1)Cl)Cl)S;4/000000101;InChI=1S/C13H10Cl2N2O2S2/c14-7-3-6(10(21)4-8(7)15)1-2-9(20)11-12(13(18)19)17-5-16-11/h1-5,9,20-21H,(H,16,17)(H,18,19)/b2-1+/t9-/m1/s1;C13H10N2O2S2Cl2;360;4.0;3.85;-8.67;3.72;-191;O=C(O)c1[nH]cnc1[C@H](S)/C=C/c1cc(Cl)c(Cl)cc1S
HD8_HD035;OC(=O)C/C=C/C1=CNC=N[C@H]1C#CCN(=O)=O;4/000000156;InChI=1S/C11H11N3O4/c15-11(16)5-1-3-9-7-12-8-13-10(9)4-2-6-14(17)18/h1,3,7-8,10H,5-6H2,(H,12,13)(H,15,16)/b3-1+/t10-/m0/s1;C11H11N3O4;249;0.15;3.84;-4.92;23.5;-170;O=C(O)C/C=C/C1=CNC=N[C@H]1C#CC[N+](=O)[O-]
HD8_HD036;OC(=S)NC1=CC=C(C(=C1)/C=C/CC1=NC=CN1)C=C;6/000000082;InChI=1S/C15H15N3OS/c1-2-11-6-7-13(18-15(19)20)10-12(11)4-3-5-14-16-8-9-17-14/h2-4,6-10H,1,5H2,(H,16,17)(H2,18,19,20)/b4-3+;C15H15N3OS;285;2.46;3.82;-11.22;21.0;0;C=Cc1ccc(NC(O)=S)cc1/C=C/Cc1ncc[nH]1
HD8_HD037;OC(=O)C/C=C/C1=CNC(=NC1)C1=CCC=C1;4/000000069;InChI=1S/C13H14N2O2/c16-12(17)7-3-4-10-8-14-13(15-9-10)11-5-1-2-6-11/h1,3-6,8H,2,7,9H2,(H,14,15)(H,16,17)/b4-3+;C13H14N2O2;230;0.69;3.81;-2.12;20.0;-180;O=C(O)C/C=C/C1=CNC(C2=CCC=C2)=NC1
HD8_HD038;OC(=S)NC1=CC=C(C(=C1)C[C@H](C)O)C=C;6/000000019;InChI=1S/C12H15NO2S/c1-3-9-4-5-11(13-12(15)16)7-10(9)6-8(2)14/h3-5,7-8,14H,1,6H2,2H3,(H2,13,15,16)/t8-/m0/s1;C12H15NO2S;237;1.96;3.81;-6.01;14.5;-190;C=Cc1ccc(NC(O)=S)cc1C[C@H](C)O
HD8_HD039;OC(=O)C/C=C/C1=CNC(=NC1)[C@@H](CS)CO;4/000000057;InChI=1S/C11H16N2O3S/c14-6-9(7-17)11-12-4-8(5-13-11)2-1-3-10(15)16/h1-2,4,9,14,17H,3,5-7H2,(H,12,13)(H,15,16)/b2-1+/t9-/m1/s1;C11H16N2O3S;256;-0.28;3.81;-2.7;19.2;-190;O=C(O)C/C=C/C1=CNC([C@H](CO)CS)=NC1
HD8_HD040;OC1=CC=C(C(=C1)C1=CC=CC(=C1)C(=O)N)CC(=C)C;3/000000151;InChI=1S/C17H17NO2/c1-11(2)8-13-6-7-15(19)10-16(13)12-4-3-5-14(9-12)17(18)20/h3-7,9-10,19H,1,8H2,2H3,(H2,18,20);C17H17NO2;267;2.95;3.81;-11.59;5.09;-200;C=C(C)Cc1ccc(O)cc1-c1cccc(C(N)=O)c1
HD8_HD041;OC(=S)NC1=CC=C(C(=C1)C1=NC=CN1)C=C;6/000000127;InChI=1S/C12H11N3OS/c1-2-8-3-4-9(15-12(16)17)7-10(8)11-13-5-6-14-11/h2-7H,1H2,(H,13,14)(H2,15,16,17);C12H11N3OS;245;2.05;3.8;-7.93;18.2;-140;C=Cc1ccc(NC(O)=S)cc1-c1ncc[nH]1
HD8_HD042;OC1=CC=C(C=C1CBr)C1=CCC=C(N1)CC(=O)OC;3/000000362;InChI=1S/C15H16BrNO3/c1-20-15(19)8-12-3-2-4-13(17-12)10-5-6-14(18)11(7-10)9-16/h3-7,17-18H,2,8-9H2,1H3;C15H16NO3Br;338;3.4;3.79;-6.8;3.58;-180;COC(=O)CC1=CCC=C(c2ccc(O)c(CBr)c2)N1
HD8_HD043;OC1=CC=C(C=C1)C(=C)/C=C/C1=C(N=CN1)C1=NNN=C1;3/000000319;InChI=1S/C15H13N5O/c1-10(11-3-5-12(21)6-4-11)2-7-13-15(17-9-16-13)14-8-18-20-19-14/h2-9,21H,1H2,(H,16,17)(H,18,19,20)/b7-2+;C15H13N5O;279;3.53;3.79;-11.32;23.7;-80;C=C(/C=C/c1[nH]cnc1-c1cn[nH]n1)c1ccc(O)cc1
HD8_HD044;OC1=CC=CC(=C1)/C=C/CC1=CC=C(C(=C1)C(=O)N)Cl;3/000000081;InChI=1S/C16H14ClNO2/c17-15-8-7-12(10-14(15)16(18)20)4-1-3-11-5-2-6-13(19)9-11/h1-3,5-10,19H,4H2,(H2,18,20)/b3-1+;C16H14NO2Cl;287;3.48;3.79;-9.36;3.58;-60;NC(=O)c1cc(C/C=C/c2cccc(O)c2)ccc1Cl
HD8_HD045;OC1=CC=C(C=C1CO)C1=CCC=CN1;3/000000351;InChI=1S/C12H13NO2/c14-8-10-7-9(4-5-12(10)15)11-3-1-2-6-13-11/h2-7,13-15H,1,8H2;C12H13NO2;203;2.03;3.79;-5.08;2.22;-160;OCc1cc(C2=CCC=CN2)ccc1O
HD8_HD046;OC(=S)NC1=CC=C(C(=C1)N1C=NC=C1)C=C;6/000000008;InChI=1S/C12H11N3OS/c1-2-9-3-4-10(14-12(16)17)7-11(9)15-6-5-13-8-15/h2-8H,1H2,(H2,14,16,17);C12H11N3OS;245;1.96;3.78;-7.41;18.2;-140;C=Cc1ccc(NC(O)=S)cc1-n1ccnc1
HD8_HD047;OC(=S)NC1=CC=C(C(=C1)[C@H](CCCO)N)C=C;6/000000038;InChI=1S/C13H18N2O2S/c1-2-9-5-6-10(15-13(17)18)8-11(9)12(14)4-3-7-16/h2,5-6,8,12,16H,1,3-4,7,14H2,(H2,15,17,18)/t12-/m0/s1;C13H18N2O2S;266;1.39;3.78;-8.78;16.5;-150;C=Cc1ccc(NC(O)=S)cc1[C@@H](N)CCCO
HD8_HD048;OC1C(SCC2=NNC(=S)N2)=CC(=CC=1)C1=C(Cl)C=NN1;3/000000268;InChI=1S/C12H10ClN5OS2/c13-7-4-14-17-11(7)6-1-2-8(19)9(3-6)21-5-10-15-12(20)18-16-10/h1-4,19H,5H2,(H,14,17)(H2,15,16,18,20);C12H10N5OS2Cl;339;3.98;3.78;-6.98;3.58;-120;Oc1ccc(-c2[nH]ncc2Cl)cc1SCc1n[nH]c(=S)[nH]1
HD8_HD049;OC(=S)NC1C=CC(=CC=1)C(=C)C1=CN=NS1;6/000000114;InChI=1S/C11H9N3OS2/c1-7(10-6-12-14-17-10)8-2-4-9(5-3-8)13-11(15)16/h2-6H,1H2,(H2,13,15,16);C11H9N3OS2;263;3.06;3.78;-7.08;21.6;-40;C=C(c1ccc(NC(O)=S)cc1)c1cnns1
HD8_HD050;OC(=S)NC1=CC=C(C(=C1)C1=NON=C1)C=C;6/000000130;InChI=1S/C11H9N3O2S/c1-2-7-3-4-8(13-11(15)17)5-9(7)10-6-12-16-14-10/h2-6H,1H2,(H2,13,15,17);C11H9N3O2S;247;3.1;3.77;-7.65;20.3;-140;C=Cc1ccc(NC(O)=S)cc1-c1cnon1
HD8_HD051;NOC[C@H]1OC=C(OC1)CC#CC=C1NCCN1;1/000000099;InChI=1S/C12H17N3O3/c13-18-9-11-8-16-10(7-17-11)3-1-2-4-12-14-5-6-15-12/h4,7,11,14-15H,3,5-6,8-9,13H2/t11-/m0/s1;C12H17N3O3;251;0.06;3.76;-5.01;20.2;-150;NOC[C@@H]1COC(CC#CC=C2NCCN2)=CO1
HD8_HD052;OC(=S)NC1=CC=C(C(=C1)C(=O)NC1=NOC=C1)C=C;6/000000122;InChI=1S/C13H11N3O3S/c1-2-8-3-4-9(14-13(18)20)7-10(8)12(17)15-11-5-6-19-16-11/h2-7H,1H2,(H2,14,18,20)(H,15,16,17);C13H11N3O3S;289;2.17;3.75;-10.31;5.09;-60;C=Cc1ccc(NC(O)=S)cc1C(=O)Nc1ccon1
HD8_HD053;OC1=CC=C(C=C1)C(=C)/C=C/[C@@H]1C(=O)N(C1)C(=O)N;3/000000103;InChI=1S/C14H14N2O3/c1-9(10-4-6-12(17)7-5-10)2-3-11-8-16(13(11)18)14(15)19/h2-7,11,17H,1,8H2,(H2,15,19)/b3-2+/t11-/m0/s1;C14H14N2O3;258;0.58;3.75;-8.2;3.58;-150;C=C(/C=C/[C@H]1CN(C(N)=O)C1=O)c1ccc(O)cc1
HD8_HD054;SCCCC(=O)NOCC1=CC(O)=CC=C1C(=C)C=C;3/000000294;InChI=1S/C15H19NO3S/c1-3-11(2)14-7-6-13(17)9-12(14)10-19-16-15(18)5-4-8-20/h3,6-7,9,17,20H,1-2,4-5,8,10H2,(H,16,18);C15H19NO3S;293;2.98;3.75;-8.05;5.09;-40;C=CC(=C)c1ccc(O)cc1CONC(=O)CCCS
HD8_HD055;OC1=CC=C(C(=C1)Cl)C(=C)/C=C/C[C@H](C)N;3/000000334;InChI=1S/C13H16ClNO/c1-9(4-3-5-10(2)15)12-7-6-11(16)8-13(12)14/h3-4,6-8,10,16H,1,5,15H2,2H3/b4-3+/t10-/m0/s1;C13H16NOCl;237;3.01;3.75;-8.67;3.58;-170;C=C(/C=C/C[C@H](C)N)c1ccc(O)cc1Cl
HD8_HD056;OC(=S)NC1=CC=C(C(=C1)N(=O)=O)C=C;6/000000143;InChI=1S/C9H8N2O3S/c1-2-6-3-4-7(10-9(12)15)5-8(6)11(13)14/h2-5H,1H2,(H2,10,12,15);C9H8N2O3S;224;2.05;3.75;-6.11;16.7;0;C=Cc1ccc(NC(O)=S)cc1[N+](=O)[O-]
HD8_HD057;C#CC1=CC(NC(=S)O)=CC(=C1CCN)F;6/000000067;InChI=1S/C11H11FN2OS/c1-2-7-5-8(14-11(15)16)6-10(12)9(7)3-4-13/h1,5-6H,3-4,13H2,(H2,14,15,16);C11H11N2OSF;238;1.58;3.74;-7.43;18.6;-20;C#Cc1cc(NC(O)=S)cc(F)c1CCN
HD8_HD058;NOC/C=C/C=C/C1=CC(=O)NC2=C1CCCC2;1/000000039;InChI=1S/C14H18N2O2/c15-18-9-5-1-2-6-11-10-14(17)16-13-8-4-3-7-12(11)13/h1-2,5-6,10H,3-4,7-9,15H2,(H,16,17)/b5-1+,6-2+;C14H18N2O2;246;-0.1;3.73;-6.11;19.0;-80;NOC/C=C/C=C/c1cc(=O)[nH]c2c1CCCC2
HD8_HD059;C#CC1=CC(NC(=S)O)=CC=C1C1=NSN=C1;6/000000015;InChI=1S/C11H7N3OS2/c1-2-7-5-8(13-11(15)16)3-4-9(7)10-6-12-17-14-10/h1,3-6H,(H2,13,15,16);C11H7N3OS2;261;2.51;3.73;-8.28;23.4;-160;C#Cc1cc(NC(O)=S)ccc1-c1cnsn1
HD8_HD060;OC(=S)NC1=CC=C(C(=C1)C1=C(N)NN=C1)C=C;6/000000141;InChI=1S/C12H12N4OS/c1-2-7-3-4-8(15-12(17)18)5-9(7)10-6-14-16-11(10)13/h2-6H,1H2,(H3,13,14,16)(H2,15,17,18);C12H12N4OS;260;2.46;3.72;-8.39;20.5;-140;C=Cc1ccc(NC(O)=S)cc1-c1cn[nH]c1N
HD8_HD061;NOC/C=C/C=C/C1C=CC=C2C=1SNC2=O;1/000000090;InChI=1S/C12H12N2O2S/c13-16-8-3-1-2-5-9-6-4-7-10-11(9)17-14-12(10)15/h1-7H,8,13H2,(H,14,15)/b3-1+,5-2+;C12H12N2O2S;248;1.23;3.72;-6.87;5.09;-40;NOC/C=C/C=C/c1cccc2c(=O)[nH]sc12
HD8_HD062;SC1=NC(=CN1)CCC[C@@H]1C=CN=C(N1)C(=O)[O-];5/000000103;InChI=1S/C11H14N4O2S/c16-10(17)9-12-5-4-7(14-9)2-1-3-8-6-13-11(18)15-8/h4-7H,1-3H2,(H,12,14)(H,16,17)(H2,13,15,18)/p-1/t7-/m1/s1;C11H13N4O2S;265;0.27;3.71;-7.86;5.21;-170;O=C(O)C1=NC=C[C@@H](CCCc2c[nH]c(S)n2)N1
HD8_HD063;C#CC1=CC(NC(=S)O)=CC=C1C1=CNN=C1;6/000000043;InChI=1S/C12H9N3OS/c1-2-8-5-10(15-12(16)17)3-4-11(8)9-6-13-14-7-9/h1,3-7H,(H,13,14)(H2,15,16,17);C12H9N3OS;243;2.76;3.71;-7.53;20.9;-180;C#Cc1cc(NC(O)=S)ccc1-c1cn[nH]c1
HD8_HD064;OC(=S)NC1=CC=C(C(=C1)C(=O)N(CCSC)C)C=C;6/000000065;InChI=1S/C14H18N2O2S2/c1-4-10-5-6-11(15-14(18)19)9-12(10)13(17)16(2)7-8-20-3/h4-6,9H,1,7-8H2,2-3H3,(H2,15,18,19);C14H18N2O2S2;310;2.74;3.7;-6.79;5.09;-120;C=Cc1ccc(NC(O)=S)cc1C(=O)N(C)CCSC
HD8_HD065;OC1=CC=CC(=C1)/C=C/[C@H](CS(=O)(=O)O)C;3/000000252;InChI=1S/C11H14O4S/c1-9(8-16(13,14)15)5-6-10-3-2-4-11(12)7-10/h2-7,9,12H,8H2,1H3,(H,13,14,15)/b6-5+/t9-/m1/s1;C11H14O4S;242;1.39;3.7;-3.89;3.58;-170;C[C@H](/C=C/c1cccc(O)c1)CS(=O)(=O)O
HD8_HD066;SC1N=CC(=CC=1)C1=NNC(=C1)C(=O)OCCS;4/000000179;InChI=1S/C11H11N3O2S2/c15-11(16-3-4-17)9-5-8(13-14-9)7-1-2-10(18)12-6-7/h1-2,5-6,17H,3-4H2,(H,12,18)(H,13,14);C11H11N3O2S2;281;2.49;3.7;-3.19;20.8;-160;O=C(OCCS)c1cc(-c2ccc(S)nc2)n[nH]1
HD8_HD067;SC1=CNC2C1=CC=CC=2[C@@H](CN(=O)=O)Cl;2/000000058;InChI=1S/C10H9ClN2O2S/c11-8(5-13(14)15)6-2-1-3-7-9(16)4-12-10(6)7/h1-4,8,12,16H,5H2/t8-/m1/s1;C10H9N2O2SCl;256;2.78;3.69;-6.32;17.0;-190;O=[N+]([O-])C[C@@H](Cl)c1cccc2c(S)c[nH]c12
HD8_HD068;OS(=O)(=O)C[C@H]1OC=C(OC1)CC#CC=C1NCCN1;1/000000103;InChI=1S/C12H16N2O5S/c15-20(16,17)9-11-8-18-10(7-19-11)3-1-2-4-12-13-5-6-14-12/h4,7,11,13-14H,3,5-6,8-9H2,(H,15,16,17)/t11-/m0/s1;C12H16N2O5S;300;0.1;3.69;-5.84;24.3;-150;O=S(=O)(O)C[C@@H]1COC(CC#CC=C2NCCN2)=CO1
HD8_HD069;OC1=CC=C(C(=C1)CCCl)C(=C)/C=C/C1=CN=CN1;3/000000301;InChI=1S/C15H15ClN2O/c1-11(2-3-13-9-17-10-18-13)15-5-4-14(19)8-12(15)6-7-16/h2-5,8-10,19H,1,6-7H2,(H,17,18)/b3-2+;C15H15N2OCl;274;3.04;3.68;-7.73;5.09;0;C=C(/C=C/c1cnc[nH]1)c1ccc(O)cc1CCCl
HD8_HD070;C#CC1=CC(NC(=S)O)=CC=C1CCN;6/000000032;InChI=1S/C11H12N2OS/c1-2-8-7-10(13-11(14)15)4-3-9(8)5-6-12/h1,3-4,7H,5-6,12H2,(H2,13,14,15);C11H12N2OS;220;1.42;3.68;-6.63;15.9;-20;C#Cc1cc(NC(O)=S)ccc1CCN
HD8_HD071;OC(=S)NC1=CC=C(C(=C1)C1=CSC=N1)C=C;6/000000106;InChI=1S/C12H10N2OS2/c1-2-8-3-4-9(14-12(15)16)5-10(8)11-6-17-7-13-11/h2-7H,1H2,(H2,14,15,16);C12H10N2OS2;262;3.0;3.68;-8.2;20.2;-160;C=Cc1ccc(NC(O)=S)cc1-c1cscn1
HD8_HD072;OC(=O)C/C=C/C1=CNC=N[C@H]1CBr;4/000000055;InChI=1S/C9H11BrN2O2/c10-4-8-7(5-11-6-12-8)2-1-3-9(13)14/h1-2,5-6,8H,3-4H2,(H,11,12)(H,13,14)/b2-1+/t8-/m0/s1;C9H11N2O2Br;259;1.14;3.68;-2.23;2.22;-150;O=C(O)C/C=C/C1=CNC=N[C@H]1CBr
HD8_HD073;OC1=CC=C(C=C1)C1C=C(N)C(=C(C=1)I)O;3/000000171;InChI=1S/C12H10INO2/c13-10-5-8(6-11(14)12(10)16)7-1-3-9(15)4-2-7/h1-6,15-16H,14H2;C12H10NO2I;327;3.4;3.67;-9.63;10.7;-200;Nc1cc(-c2ccc(O)cc2)cc(I)c1O
HD8_HD074;S[C@@H](CNCCCC#CC=C1NCCN1)C1=NN=CN1;1/000000105;InChI=1S/C13H20N6S/c20-11(13-17-10-18-19-13)9-14-6-4-2-1-3-5-12-15-7-8-16-12/h5,10-11,14-16,20H,2,4,6-9H2,(H,17,18,19)/t11-/m0/s1;C13H20N6S;292;2.02;3.67;-2.06;3.58;-150;S[C@@H](CNCCCC#CC=C1NCCN1)c1nnc[nH]1
HD8_HD075;OC(=O)C/C=C/C1=CNC=N[C@H]1C#CC;4/000000062;InChI=1S/C11H12N2O2/c1-2-4-10-9(7-12-8-13-10)5-3-6-11(14)15/h3,5,7-8,10H,6H2,1H3,(H,12,13)(H,14,15)/b5-3+/t10-/m0/s1;C11H12N2O2;204;0.86;3.65;-2.94;3.72;-170;CC#C[C@@H]1N=CNC=C1/C=C/CC(=O)O
HD8_HD076;OC(=S)NC1=CC(=CC=C1C(=C)CCl)NC(=S)O;6/000000120;InChI=1S/C11H11ClN2O2S2/c1-6(5-12)8-3-2-7(13-10(15)17)4-9(8)14-11(16)18/h2-4H,1,5H2,(H2,13,15,17)(H2,14,16,18);C11H11N2O2S2Cl;302;2.15;3.64;-8.61;20.7;-40;C=C(CCl)c1ccc(NC(O)=S)cc1NC(O)=S
HD8_HD077;C#CC(=O)O[C@@H](CC1=CC(NC(=S)O)=CC=C1C=C)C;6/000000132;InChI=1S/C15H15NO3S/c1-4-11-6-7-13(16-15(18)20)9-12(11)8-10(3)19-14(17)5-2/h2,4,6-7,9-10H,1,8H2,3H3,(H2,16,18,20)/t10-/m1/s1;C15H15NO3S;289;2.98;3.64;-11.75;21.3;-190;C#CC(=O)O[C@H](C)Cc1cc(NC(O)=S)ccc1C=C
HD8_HD078;OC1=CC=C(C=C1)C(=C)/C=C/C1=CN=C(N1)CO;3/000000231;InChI=1S/C14H14N2O2/c1-10(11-3-6-13(18)7-4-11)2-5-12-8-15-14(9-17)16-12/h2-8,17-18H,1,9H2,(H,15,16)/b5-2+;C14H14N2O2;242;1.41;3.64;-9.88;3.58;0;C=C(/C=C/c1cnc(CO)[nH]1)c1ccc(O)cc1
HD8_HD079;OC1=CC=CC(=C1)/C=C/CC[C@@H]1NCNCC1;3/000000289;InChI=1S/C14H20N2O/c17-14-7-3-5-12(10-14)4-1-2-6-13-8-9-15-11-16-13/h1,3-5,7,10,13,15-17H,2,6,8-9,11H2/b4-1+/t13-/m0/s1;C14H20N2O;232;2.18;3.64;-5.58;5.09;-190;Oc1cccc(/C=C/CC[C@H]2CCNCN2)c1
HD8_HD080;OC(=O)C/C=C/C1=CNC(=NC1)C1=CC=CO1;4/000000012;InChI=1S/C12H12N2O3/c15-11(16)5-1-3-9-7-13-12(14-8-9)10-4-2-6-17-10/h1-4,6-7H,5,8H2,(H,13,14)(H,15,16)/b3-1+;C12H12N2O3;232;0.48;3.63;-1.65;20.6;-180;O=C(O)C/C=C/C1=CNC(c2ccco2)=NC1
HD8_HD081;OC(=O)C/C=C/C1=CNC(=NC1)C1=CCOC1;4/000000043;InChI=1S/C12H14N2O3/c15-11(16)3-1-2-9-6-13-12(14-7-9)10-4-5-17-8-10/h1-2,4,6H,3,5,7-8H2,(H,13,14)(H,15,16)/b2-1+;C12H14N2O3;234;-0.25;3.63;-1.75;19.6;-180;O=C(O)C/C=C/C1=CNC(C2=CCOC2)=NC1
HD8_HD082;OC1=CC=C(C(=C1)C(=O)CO)C1=C(Cl)C=NN1;3/000000113;InChI=1S/C11H9ClN2O3/c12-9-4-13-14-11(9)7-2-1-6(16)3-8(7)10(17)5-15/h1-4,15-16H,5H2,(H,13,14);C11H9N2O3Cl;252;1.68;3.62;-6.92;5.09;-120;O=C(CO)c1cc(O)ccc1-c1[nH]ncc1Cl
HD8_HD083;OC1=CC=C(C(=C1)O[P@@](=O)(CO)O)C1=CC(=O)C=CN1;3/000000135;InChI=1S/C12H12NO6P/c14-7-20(17,18)19-12-6-8(15)1-2-10(12)11-5-9(16)3-4-13-11/h1-6,14-15H,7H2,(H,13,16)(H,17,18);C12H12NO6P;297;0.01;3.61;-6.95;4.81;-180;O=c1cc[nH]c(-c2ccc(O)cc2O[P@](=O)(O)CO)c1
HD8_HD084;OC1=CC=C(C=C1)C(=C)/C=C/[C@@H]1N(C(=O)N)CCC1;3/000000101;InChI=1S/C15H18N2O2/c1-11(12-5-8-14(18)9-6-12)4-7-13-3-2-10-17(13)15(16)19/h4-9,13,18H,1-3,10H2,(H2,16,19)/b7-4+/t13-/m1/s1;C15H18N2O2;258;1.92;3.61;-8.06;3.58;-150;C=C(/C=C/[C@H]1CCCN1C(N)=O)c1ccc(O)cc1
HD8_HD085;OC(=S)NC1=CC=C(C(=C1)C(=O)N(C)C)/C=C/C=C;6/000000069;InChI=1S/C14H16N2O2S/c1-4-5-6-10-7-8-11(15-14(18)19)9-12(10)13(17)16(2)3/h4-9H,1H2,2-3H3,(H2,15,18,19)/b6-5+;C14H16N2O2S;276;1.97;3.61;-9.14;3.58;-120;C=C/C=C/c1ccc(NC(O)=S)cc1C(=O)N(C)C
HD8_HD086;O[C@](C1=C(Cl)C=NN1)(C=C)C1=NN=C(S1)C(=O)[O-];5/000000153;InChI=1S/C9H7ClN4O3S/c1-2-9(17,5-4(10)3-11-12-5)8-14-13-6(18-8)7(15)16/h2-3,17H,1H2,(H,11,12)(H,15,16)/p-1/t9-/m0/s1;C9H6N4O3SCl;285;1.03;3.61;-1.69;3.72;-150;C=C[C@@](O)(c1nnc(C(=O)O)s1)c1[nH]ncc1Cl
HD8_HD087;OC(=S)NC1C=CC(=CC=1)C(=C)CN(=O)=O;6/000000118;InChI=1S/C10H10N2O3S/c1-7(6-12(14)15)8-2-4-9(5-3-8)11-10(13)16/h2-5H,1,6H2,(H2,11,13,16);C10H10N2O3S;238;1.6;3.6;-6.1;17.3;-40;C=C(C[N+](=O)[O-])c1ccc(NC(O)=S)cc1
HD8_HD088;SC[C@@H](C1=CN=C(N1)/C=C/COC(=O)CC)O;4/000000123;InChI=1S/C11H16N2O3S/c1-2-11(15)16-5-3-4-10-12-6-8(13-10)9(14)7-17/h3-4,6,9,14,17H,2,5,7H2,1H3,(H,12,13)/b4-3+/t9-/m0/s1;C11H16N2O3S;256;0.73;3.6;-0.1;5.09;-170;CCC(=O)OC/C=C/c1ncc([C@@H](O)CS)[nH]1
HD8_HD089;OC(=O)C/C=C/C1=CNC=N[C@H]1CCS(=O)(=O)C;4/000000059;InChI=1S/C11H16N2O4S/c1-18(16,17)6-5-10-9(7-12-8-13-10)3-2-4-11(14)15/h2-3,7-8,10H,4-6H2,1H3,(H,12,13)(H,14,15)/b3-2+/t10-/m0/s1;C11H16N2O4S;272;0.21;3.6;-4.89;3.58;-190;CS(=O)(=O)CC[C@@H]1N=CNC=C1/C=C/CC(=O)O
HD8_HD090;OC1=CC=C(C=C1)C(=C)/C=C/[C@H]1C(=O)N(C1)C(=O)N;3/000000067;InChI=1S/C14H14N2O3/c1-9(10-4-6-12(17)7-5-10)2-3-11-8-16(13(11)18)14(15)19/h2-7,11,17H,1,8H2,(H2,15,19)/b3-2+/t11-/m1/s1;C14H14N2O3;258;0.58;3.6;-9.18;3.58;-150;C=C(/C=C/[C@@H]1CN(C(N)=O)C1=O)c1ccc(O)cc1
HD8_HD091;SC[C@@H](C1=CN=C(N1)/C=C/COC(=O)C=C)O;4/000000094;InChI=1S/C11H14N2O3S/c1-2-11(15)16-5-3-4-10-12-6-8(13-10)9(14)7-17/h2-4,6,9,14,17H,1,5,7H2,(H,12,13)/b4-3+/t9-/m0/s1;C11H14N2O3S;254;0.77;3.6;-2.08;5.09;-150;C=CC(=O)OC/C=C/c1ncc([C@@H](O)CS)[nH]1
HD8_HD092;SCCN[C@@H](CC/C=C/CON)C1=CN=CC=C1;1/000000071;InChI=1S/C13H21N3OS/c14-17-9-3-1-2-6-13(16-8-10-18)12-5-4-7-15-11-12/h1,3-5,7,11,13,16,18H,2,6,8-10,14H2/b3-1+/t13-/m0/s1;C13H21N3OS;267;0.95;3.6;-4.37;3.58;-150;NOC/C=C/CC[C@H](NCCS)c1cccnc1
HD8_HD093;SCCC/C=C(/C=C/CS(=O)(=O)N)\C1=CC=CC=C1;5/000000132;InChI=1S/C14H19NO2S2/c15-19(16,17)12-6-10-14(9-4-5-11-18)13-7-2-1-3-8-13/h1-3,6-10,18H,4-5,11-12H2,(H2,15,16,17)/b10-6+,14-9-;C14H19NO2S2;297;2.57;3.59;-2.6;3.58;0;NS(=O)(=O)C/C=C/C(=C/CCCS)c1ccccc1
HD8_HD094;S(=O)C1=CC2=C(C=C1F)C=C(N2)[C@@H](CCCN)N;6/000000048;InChI=1S/C12H16FN3OS/c13-8-4-7-5-11(9(15)2-1-3-14)16-10(7)6-12(8)18-17/h4-6,9,16,18H,1-3,14-15H2/t9-/m1/s1;C12H16N3OSF;269;-0.3;3.59;-3.45;18.3;-190;NCCC[C@@H](N)c1cc2cc(F)c([SH]=O)cc2[nH]1
HD8_HD095;OC1C=C(C(=O)OC/C=C(\CC=C)/N)C(=CC=1O)Cl;2/000000045;InChI=1S/C13H14ClNO4/c1-2-3-8(15)4-5-19-13(18)9-6-11(16)12(17)7-10(9)14/h2,4,6-7,16-17H,1,3,5,15H2/b8-4+;C13H14NO4Cl;283;2.31;3.59;-2.48;3.85;-20;C=CC/C(N)=C\COC(=O)c1cc(O)c(O)cc1Cl
HD8_HD096;OC(=O)C/C=C/C1=CNC=N[C@H]1C#CCNNC;4/000000142;InChI=1S/C12H16N4O2/c1-13-16-7-3-5-11-10(8-14-9-15-11)4-2-6-12(17)18/h2,4,8-9,11,13,16H,6-7H2,1H3,(H,14,15)(H,17,18)/b4-2+/t11-/m0/s1;C12H16N4O2;248;0.9;3.59;-4.48;21.7;-170;CNNCC#C[C@@H]1N=CNC=C1/C=C/CC(=O)O
HD8_HD097;OC(=O)C/C=C/C1=CNC(=NC1)C1=NOC=N1;4/000000084;InChI=1S/C10H10N4O3/c15-8(16)3-1-2-7-4-11-9(12-5-7)10-13-6-17-14-10/h1-2,4,6H,3,5H2,(H,11,12)(H,15,16)/b2-1+;C10H10N4O3;234;-0.04;3.59;-1.81;23.4;-160;O=C(O)C/C=C/C1=CNC(c2ncon2)=NC1
HD8_HD098;OC1=CC=C(C=C1)C(=C)/C=C(/CC)\C1=CSC(=O)N1;3/000000275;InChI=1S/C15H15NO2S/c1-3-11(14-9-19-15(18)16-14)8-10(2)12-4-6-13(17)7-5-12/h4-9,17H,2-3H2,1H3,(H,16,18)/b11-8-;C15H15NO2S;273;2.85;3.58;-12.8;3.58;-80;C=C(/C=C(/CC)c1csc(=O)[nH]1)c1ccc(O)cc1
HD8_HD099;OC1=CC=CC(=C1)C1=C(Cl)N=C(N1)C;3/000000280;InChI=1S/C10H9ClN2O/c1-6-12-9(10(11)13-6)7-3-2-4-8(14)5-7/h2-5,14H,1H3,(H,12,13);C10H9N2OCl;208;2.69;3.58;-5.19;2.22;-140;Cc1nc(Cl)c(-c2cccc(O)c2)[nH]1
HD8_HD100;OC(=O)C/C=C/C1=CNC(=NC1)C(F)F;4/000000121;InChI=1S/C9H10F2N2O2/c10-8(11)9-12-4-6(5-13-9)2-1-3-7(14)15/h1-2,4,8H,3,5H2,(H,12,13)(H,14,15)/b2-1+;C9H10N2O2F2;216;0.3;3.58;-0.52;3.72;-150;O=C(O)C/C=C/C1=CNC(C(F)F)=NC1
HD8_HD101;OC1C=C(C(=O)OC/C=C(\COC)/N)C(=CC=1O)Cl;2/000000037;InChI=1S/C12H14ClNO5/c1-18-6-7(14)2-3-19-12(17)8-4-10(15)11(16)5-9(8)13/h2,4-5,15-16H,3,6,14H2,1H3/b7-2+;C12H14NO5Cl;287;1.35;3.58;-2.04;3.85;-40;COC/C(N)=C\COC(=O)c1cc(O)c(O)cc1Cl
HD8_HD102;O[C@H](C(=O)NOCC1=CC(O)=CC=C1C(=C)C=C)N;3/000000323;InChI=1S/C13H16N2O4/c1-3-8(2)11-5-4-10(16)6-9(11)7-19-15-13(18)12(14)17/h3-6,12,16-17H,1-2,7,14H2,(H,15,18)/t12-/m1/s1;C13H16N2O4;264;0.55;3.58;-6.85;5.09;-150;C=CC(=C)c1ccc(O)cc1CONC(=O)[C@H](N)O
HD8_HD103;OC(=O)C/C=C/C1=CNC=N[C@H]1CCCCCN;4/000000098;InChI=1S/C13H21N3O2/c14-8-3-1-2-6-12-11(9-15-10-16-12)5-4-7-13(17)18/h4-5,9-10,12H,1-3,6-8,14H2,(H,15,16)(H,17,18)/b5-4+/t12-/m0/s1;C13H21N3O2;251;0.69;3.58;-4.68;3.58;-190;NCCCCC[C@@H]1N=CNC=C1/C=C/CC(=O)O
HD8_HD104;OC1=CC=C(C(=C1)CCCCCC)C(O)(F)F;3/000000138;InChI=1S/C13H18F2O2/c1-2-3-4-5-6-10-9-11(16)7-8-12(10)13(14,15)17/h7-9,16-17H,2-6H2,1H3;C13H18O2F2;244;3.05;3.57;-6.4;14.4;-170;CCCCCCc1cc(O)ccc1C(O)(F)F
HD8_HD105;OC(=O)C/C=C/C1=CNC(=NC1)CCSCC;4/000000082;InChI=1S/C12H18N2O2S/c1-2-17-7-6-11-13-8-10(9-14-11)4-3-5-12(15)16/h3-4,8H,2,5-7,9H2,1H3,(H,13,14)(H,15,16)/b4-3+;C12H18N2O2S;254;1.28;3.57;-3.95;3.58;-80;CCSCCC1=NCC(/C=C/CC(=O)O)=CN1
HD8_HD106;OP(OCC#CC(=C)C1C(I)=CN=C(C=1Cl)N)([O])=O;5/000000018;InChI=1S/C10H8ClIN2O4P/c1-6(3-2-4-18-19(15,16)17)8-7(12)5-14-10(13)9(8)11/h5H,1,4H2,(H2,13,14)(H,15,16);C10H8N2O4PClI;413;1.49;3.57;-3.86;22.0;-20;C=C(C#CCOP([O])(=O)O)c1c(I)cnc(N)c1Cl
HD8_HD107;OC1C=C(Br)C=C(C=1)NC1=NC=CC(=N1)N;3/000000298;InChI=1S/C10H9BrN4O/c11-6-3-7(5-8(16)4-6)14-10-13-2-1-9(12)15-10/h1-5,16H,(H3,12,13,14,15);C10H9N4OBr;281;1.97;3.57;-7.01;12.1;0;Nc1ccnc(Nc2cc(O)cc(Br)c2)n1
HD8_HD108;OC1=C(/C=C/N(=O)=O)C(=NN1)/C=C/[C@H]1NCC1;1/000000063;InChI=1S/C10H12N4O3/c15-10-8(4-6-14(16)17)9(12-13-10)2-1-7-3-5-11-7/h1-2,4,6-7,11H,3,5H2,(H2,12,13,15)/b2-1+,6-4+/t7-/m1/s1;C10H12N4O3;236;1.24;3.57;-6.57;3.58;-190;O=[N+]([O-])/C=C/c1c(/C=C/[C@@H]2CCN2)n[nH]c1O
HD8_HD109;OC(=O)C/C=C/C1=CNC=N[C@H]1CC=C;4/000000065;InChI=1S/C11H14N2O2/c1-2-4-10-9(7-12-8-13-10)5-3-6-11(14)15/h2-3,5,7-8,10H,1,4,6H2,(H,12,13)(H,14,15)/b5-3+/t10-/m0/s1;C11H14N2O2;206;0.81;3.55;-2.15;3.58;-150;C=CC[C@@H]1N=CNC=C1/C=C/CC(=O)O
HD8_HD110;OC(=S)NC1=CC=C(C(=C1)C(=O)N(C)C)C=C;6/000000022;InChI=1S/C12H14N2O2S/c1-4-8-5-6-9(13-12(16)17)7-10(8)11(15)14(2)3/h4-7H,1H2,2-3H3,(H2,13,16,17);C12H14N2O2S;250;1.7;3.55;-6.19;3.58;-100;C=Cc1ccc(NC(O)=S)cc1C(=O)N(C)C
HD8_HD111;OC(=O)CC1=CC(=CC=C1C(=C)CCl)NC(=S)O;6/000000117;InChI=1S/C12H12ClNO3S/c1-7(6-13)10-3-2-9(14-12(17)18)4-8(10)5-11(15)16/h2-4H,1,5-6H2,(H,15,16)(H2,14,17,18);C12H12NO3SCl;285;1.96;3.55;-7.33;18.4;-20;C=C(CCl)c1ccc(NC(O)=S)cc1CC(=O)O
HD8_HD112;NOC/C=C/CC[C@H](NCC)C1=CN=CC=C1;1/000000042;InChI=1S/C13H21N3O/c1-2-16-13(8-4-3-5-10-17-14)12-7-6-9-15-11-12/h3,5-7,9,11,13,16H,2,4,8,10,14H2,1H3/b5-3+/t13-/m0/s1;C13H21N3O;235;0.71;3.55;-3.49;3.58;-170;CCN[C@@H](CC/C=C/CON)c1cccnc1
HD8_HD113;OC1=CC=CC(=C1)[C@H](CC(=O)N)I;3/000000302;InChI=1S/C9H10INO2/c10-8(5-9(11)13)6-2-1-3-7(12)4-6/h1-4,8,12H,5H2,(H2,11,13)/t8-/m0/s1;C9H10NO2I;291;1.3;3.55;-4.62;2.22;-150;NC(=O)C[C@H](I)c1cccc(O)c1
HD8_HD114;C#CCC1=CC=C(C=C1C(=C)CO)O;3/000000120;InChI=1S/C12H12O2/c1-3-4-10-5-6-11(14)7-12(10)9(2)8-13/h1,5-7,13-14H,2,4,8H2;C12H12O2;188;1.55;3.53;-4.41;3.58;0;C#CCc1ccc(O)cc1C(=C)CO
HD8_HD115;OC1C(SC)=CC(=CC=1)C1=C(Cl)C=NN1;3/000000109;InChI=1S/C10H9ClN2OS/c1-15-9-4-6(2-3-8(9)14)10-7(11)5-12-13-10/h2-5,14H,1H3,(H,12,13);C10H9N2OSCl;240;3.62;3.53;-4.59;2.22;-140;CSc1cc(-c2[nH]ncc2Cl)ccc1O
HD8_HD116;NOC/C=C/C=C/C1=CNC=C1;1/000000095;InChI=1S/C9H12N2O/c10-12-7-3-1-2-4-9-5-6-11-8-9/h1-6,8,11H,7,10H2/b3-1+,4-2+;C9H12N2O;164;0.29;3.53;-1.57;2.22;0;NOC/C=C/C=C/c1cc[nH]c1
HD8_HD117;OC(=S)NC1=CC=C(C(=C1)C1=CC(=O)C1=O)C=C;6/000000029;InChI=1S/C13H9NO3S/c1-2-7-3-4-8(14-13(17)18)5-9(7)10-6-11(15)12(10)16/h2-6H,1H2,(H2,14,17,18);C13H9NO3S;259;1.49;3.52;-8.47;19.7;-120;C=Cc1ccc(NC(O)=S)cc1-c1cc(=O)c1=O
HD8_HD118;SC1=NN=C(O1)[C@@H](CF)C1=CC=C(C=C1)[S@](=O)O;3/000000039;InChI=1S/C10H9FN2O3S2/c11-5-8(9-12-13-10(17)16-9)6-1-3-7(4-2-6)18(14)15/h1-4,8H,5H2,(H,13,17)(H,14,15)/t8-/m0/s1;C10H9N2O3S2F;288;1.23;3.52;-7.13;22.8;-190;O=[S@](O)c1ccc([C@H](CF)c2nnc(S)o2)cc1
HD8_HD119;O[C@](C)(C(=C)C1=CCC=CN1)C1=NN=C(S1)C(=O)[O-];5/000000159;InChI=1S/C12H13N3O3S/c1-7(8-5-3-4-6-13-8)12(2,18)11-15-14-9(19-11)10(16)17/h4-6,13,18H,1,3H2,2H3,(H,16,17)/p-1/t12-/m1/s1;C12H12N3O3S;278;1.07;3.52;-5.6;3.58;-170;C=C(C1=CCC=CN1)[C@@](C)(O)c1nnc(C(=O)O)s1
HD8_HD120;SC1=NN=C(O1)[C@@H]([NH3+])C1=NOC(=O)N1;3/000000356;InChI=1S/C5H5N5O3S/c6-1(2-7-4(11)13-10-2)3-8-9-5(14)12-3/h1H,6H2,(H,9,14)(H,7,10,11)/p+1/t1-/m0/s1;C5H6N5O3S;216;0.0;3.51;-2.13;21.4;-150;N[C@@H](c1noc(=O)[nH]1)c1nnc(S)o1
HD8_HD121;ON(C(=O)CC)C1=CC(NC(=S)O)=CC=C1C=C;6/000000134;InChI=1S/C12H14N2O3S/c1-3-8-5-6-9(13-12(16)18)7-10(8)14(17)11(15)4-2/h3,5-7,17H,1,4H2,2H3,(H2,13,16,18);C12H14N2O3S;266;1.12;3.51;-8.03;18.1;-20;C=Cc1ccc(NC(O)=S)cc1N(O)C(=O)CC
HD8_HD122;OC(=O)C/C=C/C1=CNC(=NC1)C=C;4/000000106;InChI=1S/C10H12N2O2/c1-2-9-11-6-8(7-12-9)4-3-5-10(13)14/h2-4,6H,1,5,7H2,(H,11,12)(H,13,14)/b4-3+;C10H12N2O2;192;0.35;3.51;-0.41;2.22;0;C=CC1=NCC(/C=C/CC(=O)O)=CN1
HD8_HD123;OC1C=C(C(=C(C=1)Cl)Cl)[C@@H]([NH3+])/C=C/C[NH2+]S(=O)(=O)N;5/000000044;InChI=1S/C10H13Cl2N3O3S/c11-8-5-6(16)4-7(10(8)12)9(13)2-1-3-15-19(14,17)18/h1-2,4-5,9,15-16H,3,13H2,(H2,14,17,18)/p+2/b2-1+/t9-/m0/s1;C10H15N3O3SCl2;327;0.48;3.51;-7.65;20.1;-170;N[C@@H](/C=C/CNS(N)(=O)=O)c1cc(O)cc(Cl)c1Cl
HD8_HD124;OC(=O)/C(=C\C#C[C@H](C1=CC=CN1)N)/N(=O)=O;1/000000015;InChI=1S/C10H9N3O4/c11-7(8-4-2-6-12-8)3-1-5-9(10(14)15)13(16)17/h2,4-7,12H,11H2,(H,14,15)/b9-5+/t7-/m1/s1;C10H9N3O4;235;0.35;3.51;-3.71;3.58;-190;N[C@H](C#C/C=C(\C(=O)O)[N+](=O)[O-])c1ccc[nH]1
HD8_HD125;SCCNC(=O)NC1=CC(O)=CC=C1C(=C)C=C;3/000000266;InChI=1S/C13H16N2O2S/c1-3-9(2)11-5-4-10(16)8-12(11)15-13(17)14-6-7-18/h3-5,8,16,18H,1-2,6-7H2,(H2,14,15,17);C13H16N2O2S;264;2.13;3.5;-8.78;3.58;0;C=CC(=C)c1ccc(O)cc1NC(=O)NCCS
HD8_HD126;OC1=CC=CC(=C1)/C=C/CNN;3/000000281;InChI=1S/C9H12N2O/c10-11-6-2-4-8-3-1-5-9(12)7-8/h1-5,7,11-12H,6,10H2/b4-2+;C9H12N2O;164;1.12;3.49;-4.72;2.22;0;NNC/C=C/c1cccc(O)c1
HD8_HD127;OC1=CC=C(C=C1)C(=C)/C=C/[C@@H]1C=CCN1;3/000000092;InChI=1S/C14H15NO/c1-11(4-7-13-3-2-10-15-13)12-5-8-14(16)9-6-12/h2-9,13,15-16H,1,10H2/b7-4+/t13-/m0/s1;C14H15NO;213;2.42;3.49;-6.98;3.58;-190;C=C(/C=C/[C@@H]1C=CCN1)c1ccc(O)cc1
HD8_HD128;OC1=CC=C(C=C1)C(=C)/C=C/CCNC(=O)CC;3/000000248;InChI=1S/C15H19NO2/c1-3-15(18)16-11-5-4-6-12(2)13-7-9-14(17)10-8-13/h4,6-10,17H,2-3,5,11H2,1H3,(H,16,18)/b6-4+;C15H19NO2;245;2.46;3.49;-4.26;5.09;-20;C=C(/C=C/CCNC(=O)CC)c1ccc(O)cc1
HD8_HD129;OC1=CC=C(C=C1)[C@H](CSC/C=C/CON)C;1/000000046;InChI=1S/C13H19NO2S/c1-11(10-17-9-3-2-8-16-14)12-4-6-13(15)7-5-12/h2-7,11,15H,8-10,14H2,1H3/b3-2+/t11-/m0/s1;C13H19NO2S;253;2.12;3.49;-9.64;3.58;-170;C[C@@H](CSC/C=C/CON)c1ccc(O)cc1
HD8_HD130;OC1=CC=C(C(=C1)CCl)C(=C)/C=C/C[C@H](C)N;3/000000324;InChI=1S/C14H18ClNO/c1-10(4-3-5-11(2)16)14-7-6-13(17)8-12(14)9-15/h3-4,6-8,11,17H,1,5,9,16H2,2H3/b4-3+/t11-/m0/s1;C14H18NOCl;251;2.85;3.48;-10.4;3.58;-170;C=C(/C=C/C[C@H](C)N)c1ccc(O)cc1CCl
HD8_HD131;SSC1C=C(C2=CC=C(C=C2)O)C=C(C=1O)N;3/000000095;InChI=1S/C12H11NO2S2/c13-10-5-8(6-11(17-16)12(10)15)7-1-3-9(14)4-2-7/h1-6,14-16H,13H2;C12H11NO2S2;265;2.97;3.48;-10.59;14.0;-200;Nc1cc(-c2ccc(O)cc2)cc(SS)c1O
HD8_HD132;NOC/C=C/C=C/[C@@H]1CNC=CC1;1/000000068;InChI=1S/C10H16N2O/c11-13-8-3-1-2-5-10-6-4-7-12-9-10/h1-5,7,10,12H,6,8-9,11H2/b3-1+,5-2+/t10-/m0/s1;C10H16N2O;180;0.17;3.47;-1.34;2.22;-150;NOC/C=C/C=C/[C@H]1CC=CNC1
HD8_HD133;OC1C=C(C(=O)OC/C=C/N)C(=CC=1O)Cl;2/000000001;InChI=1S/C10H10ClNO4/c11-7-5-9(14)8(13)4-6(7)10(15)16-3-1-2-12/h1-2,4-5,13-14H,3,12H2/b2-1+;C10H10NO4Cl;243;1.63;3.47;-0.49;3.85;0;N/C=C/COC(=O)c1cc(O)c(O)cc1Cl
HD8_HD134;C#CCC[C@@H]1N=CNC=C1/C=C/CC(=O)O;4/000000036;InChI=1S/C12H14N2O2/c1-2-3-6-11-10(8-13-9-14-11)5-4-7-12(15)16/h1,4-5,8-9,11H,3,6-7H2,(H,13,14)(H,15,16)/b5-4+/t11-/m0/s1;C12H14N2O2;218;0.82;3.47;-3.76;3.72;-150;C#CCC[C@@H]1N=CNC=C1/C=C/CC(=O)O
HD8_HD135;O[C@H](CCC)C(=O)OCC1=CSC(=N1)C(=O)[O-];5/000000143;InChI=1S/C10H13NO5S/c1-2-3-7(12)10(15)16-4-6-5-17-8(11-6)9(13)14/h5,7,12H,2-4H2,1H3,(H,13,14)/p-1/t7-/m1/s1;C10H12NO5S;258;-0.18;3.46;-3.29;2.22;-190;CCC[C@@H](O)C(=O)OCc1csc(C(=O)O)n1
HD8_HD136;S(=O)C1=C(F)C=C(C=C1Cl)CCCNN;3/000000198;InChI=1S/C9H12ClFN2OS/c10-7-4-6(2-1-3-13-12)5-8(11)9(7)15-14/h4-5,13,15H,1-3,12H2;C9H12N2OSFCl;250;0.4;3.46;-9.33;2.48;-20;NNCCCc1cc(F)c([SH]=O)c(Cl)c1
HD8_HD137;OCCCNCC1C=CC(=C(C=1)/C=C/C)Cl;1/000000056;InChI=1S/C13H18ClNO/c1-2-4-12-9-11(5-6-13(12)14)10-15-7-3-8-16/h2,4-6,9,15-16H,3,7-8,10H2,1H3/b4-2+;C13H18NOCl;239;2.63;3.46;-5.73;5.09;-40;C/C=C/c1cc(CNCCCO)ccc1Cl
HD8_HD138;OC1=CC=C(C(=C1)S(=O)=O)/C(=C/C[C@H](C)S)/C=C;3/000000291;InChI=1S/C13H16O3S2/c1-3-10(5-4-9(2)17)12-7-6-11(14)8-13(12)18(15)16/h3,5-9,14,17-18H,1,4H2,2H3/b10-5+/t9-/m0/s1;C13H16O3S2;284;2.67;3.46;-9.84;17.8;-170;C=C/C(=C\C[C@H](C)S)c1ccc(O)cc1[SH](=O)=O
HD8_HD139;OC1=CC=C(C=C1NC=S)C1=C(Cl)C=NN1;3/000000104;InChI=1S/C10H8ClN3OS/c11-7-4-13-14-10(7)6-1-2-9(15)8(3-6)12-5-16/h1-5,15H,(H,12,16)(H,13,14);C10H8N3OSCl;253;2.41;3.46;-4.64;18.6;-120;Oc1ccc(-c2[nH]ncc2Cl)cc1NC=S
HD8_HD140;OC1C=C(NC(=O)NCC)C(=CC=1)C(=C)C=C;3/000000142;InChI=1S/C13H16N2O2/c1-4-9(3)11-7-6-10(16)8-12(11)15-13(17)14-5-2/h4,6-8,16H,1,3,5H2,2H3,(H2,14,15,17);C13H16N2O2;232;1.88;3.45;-6.54;3.58;-20;C=CC(=C)c1ccc(O)cc1NC(=O)NCC
HD8_HD141;OC1=CC=CC(=C1O)/C=C/C[C@H]1C=CC1;3/000000228;InChI=1S/C13H14O2/c14-12-9-3-8-11(13(12)15)7-2-6-10-4-1-5-10/h1-4,7-10,14-15H,5-6H2/b7-2+/t10-/m0/s1;C13H14O2;202;2.44;3.45;-6.55;3.58;-150;Oc1cccc(/C=C/C[C@H]2C=CC2)c1O
HD8_HD142;NOC/C=C/C=C/C1=CCNCN1;1/000000092;InChI=1S/C9H15N3O/c10-13-7-3-1-2-4-9-5-6-11-8-12-9/h1-5,11-12H,6-8,10H2/b3-1+,4-2+;C9H15N3O;181;-0.35;3.45;-0.33;2.22;0;NOC/C=C/C=C/C1=CCNCN1
HD8_HD143;OC(=S)NC1C=CC(=CC=1)C(=C)CC(=O)C;6/000000108;InChI=1S/C12H13NO2S/c1-8(7-9(2)14)10-3-5-11(6-4-10)13-12(15)16/h3-6H,1,7H2,2H3,(H2,13,15,16);C12H13NO2S;235;1.76;3.45;-7.18;15.5;-80;C=C(CC(C)=O)c1ccc(NC(O)=S)cc1
HD8_HD144;SC1N=CC(=CC=1)[C@@](CS)(CO)C1=C(NC=N1)C[NH3+];4/000000184;InChI=1S/C12H16N4OS2/c13-3-9-11(16-7-15-9)12(5-17,6-18)8-1-2-10(19)14-4-8/h1-2,4,7,17-18H,3,5-6,13H2,(H,14,19)(H,15,16)/p+1/t12-/m0/s1;C12H17N4OS2;297;0.43;3.44;-3.15;19.7;-150;NCc1[nH]cnc1[C@@](CO)(CS)c1ccc(S)nc1
HD8_HD145;SC[C@H](CC)C1=CN=C(NC1)C(=O)[O-];5/000000081;InChI=1S/C9H14N2O2S/c1-2-6(5-14)7-3-10-8(9(12)13)11-4-7/h3,6,14H,2,4-5H2,1H3,(H,10,11)(H,12,13)/p-1/t6-/m0/s1;C9H13N2O2S;213;-0.06;3.44;-2.04;16.7;-170;CC[C@@H](CS)C1=CN=C(C(=O)O)NC1
HD8_HD146;OC1=CC=C(C=C1)C(=C)/C=C/C[C@H](CP(=O)(O)O)N;3/000000343;InChI=1S/C13H18NO4P/c1-10(11-5-7-13(15)8-6-11)3-2-4-12(14)9-19(16,17)18/h2-3,5-8,12,15H,1,4,9,14H2,(H2,16,17,18)/b3-2+/t12-/m1/s1;C13H18NO4P;283;0.44;3.44;-11.51;5.09;-170;C=C(/C=C/C[C@@H](N)CP(=O)(O)O)c1ccc(O)cc1
HD8_HD147;OC1=CC=CC(=C1Cl)CCC(=O)N;3/000000074;InChI=1S/C9H10ClNO2/c10-9-6(4-5-8(11)13)2-1-3-7(9)12/h1-3,12H,4-5H2,(H2,11,13);C9H10NO2Cl;199;1.11;3.44;-2.75;2.22;0;NC(=O)CCc1cccc(O)c1Cl
HD8_HD148;OC(=S)NC1C=C(/C=C/CC[NH2+]S=O)C(=CC=1)C=C;6/000000116;InChI=1S/C13H16N2O2S2/c1-2-10-6-7-12(15-13(16)18)9-11(10)5-3-4-8-14-19-17/h2-3,5-7,9,19H,1,4,8H2,(H,14,17)(H2,15,16,18)/p+1/b5-3+;C13H17N2O2S2;297;0.68;3.44;-12.21;20.3;-20;C=Cc1ccc(NC(O)=S)cc1/C=C/CCN[SH]=O
HD8_HD149;O[C@H](C(=O)C1=CC=CC=C1)N;1/000000053;InChI=1S/C8H9NO2/c9-8(11)7(10)6-4-2-1-3-5-6/h1-5,8,11H,9H2/t8-/m1/s1;C8H9NO2;151;0.29;3.44;-4.9;2.22;-150;N[C@H](O)C(=O)c1ccccc1
HD8_HD150;OC(=S)NC1C=C(NC(=O)N)C(=CC=1)C=C;6/000000092;InChI=1S/C10H11N3O2S/c1-2-6-3-4-7(12-10(15)16)5-8(6)13-9(11)14/h2-5H,1H2,(H3,11,13,14)(H2,12,15,16);C10H11N3O2S;237;0.53;3.43;-6.65;17.1;-40;C=Cc1ccc(NC(O)=S)cc1NC(N)=O
HD8_HD151;C#CCCCC1=NCC(=CN1)/C=C/CC(=O)O;4/000000159;InChI=1S/C13H16N2O2/c1-2-3-4-7-12-14-9-11(10-15-12)6-5-8-13(16)17/h1,5-6,9H,3-4,7-8,10H2,(H,14,15)(H,16,17)/b6-5+;C13H16N2O2;232;0.67;3.43;-2.18;3.58;-20;C#CCCCC1=NCC(/C=C/CC(=O)O)=CN1
HD8_HD152;O=N(=O)C[C@H]1C=NC(=CC1)C(=O)[O-];5/000000054;InChI=1S/C7H8N2O4/c10-7(11)6-2-1-5(3-8-6)4-9(12)13/h2-3,5H,1,4H2,(H,10,11)/p-1/t5-/m1/s1;C7H7N2O4;183;-0.33;3.43;0.64;2.22;-150;O=C(O)C1=CC[C@@H](C[N+](=O)[O-])C=N1
HD8_HD153;O=N(=O)/C=C/[C@H]([NH3+])C1=CNC2=C1C=C(F)C(=C2)S=O;6/000000107;InChI=1S/C11H10FN3O3S/c12-8-3-6-7(9(13)1-2-15(16)17)5-14-10(6)4-11(8)19-18/h1-5,9,14,19H,13H2/p+1/b2-1+/t9-/m0/s1;C11H11N3O3SF;284;-0.31;3.43;-7.85;22.5;-190;N[C@@H](/C=C/[N+](=O)[O-])c1c[nH]c2cc([SH]=O)c(F)cc12
HD8_HD154;NOC/C=C/C=C/C1=CC(N)=CC(=C1)F;1/000000082;InChI=1S/C11H13FN2O/c12-10-6-9(7-11(13)8-10)4-2-1-3-5-15-14/h1-4,6-8H,5,13-14H2/b3-1+,4-2+;C11H13N2OF;208;0.92;3.42;-4.98;3.58;0;NOC/C=C/C=C/c1cc(N)cc(F)c1
HD8_HD155;SS[C@@H]1C=CC=C1C(=O)C1C(Cl)=CC(=C(C=1)O)O;2/000000041;InChI=1S/C12H9ClO3S2/c13-8-5-10(15)9(14)4-7(8)12(16)6-2-1-3-11(6)18-17/h1-5,11,14-15,17H/t11-/m1/s1;C12H9O3S2Cl;300;2.33;3.42;-3.14;2.22;-150;O=C(C1=CC=C[C@H]1SS)c1cc(O)c(O)cc1Cl
HD8_HD156;OC1=CC=C(C=C1N)C1=CC=C(C=C1CF)O;3/000000098;InChI=1S/C13H12FNO2/c14-7-9-5-10(16)2-3-11(9)8-1-4-13(17)12(15)6-8/h1-6,16-17H,7,15H2;C13H12NO2F;233;2.66;3.42;-8.18;12.3;-200;Nc1cc(-c2ccc(O)cc2CF)ccc1O
HD8_HD157;OC1=CC=C(C(=C1)OP(O)([O])=O)C(=C)/C=C/CC;3/000000349;InChI=1S/C12H14O5P/c1-3-4-5-9(2)11-7-6-10(13)8-12(11)17-18(14,15)16/h4-8,13H,2-3H2,1H3,(H,14,15)/b5-4+;C12H14O5P;269;1.37;3.42;-8.05;16.6;-20;C=C(/C=C/CC)c1ccc(O)cc1OP([O])(=O)O
HD8_HD158;S[C@H](CN)C1=CC2=C(N1)C=C(C(=C2)F)S=O;6/000000052;InChI=1S/C10H11FN2OS2/c11-6-1-5-2-8(9(15)4-12)13-7(5)3-10(6)16-14/h1-3,9,13,15-16H,4,12H2/t9-/m1/s1;C10H11N2OS2F;258;-0.0;3.42;-3.99;18.2;-190;NC[C@@H](S)c1cc2cc(F)c([SH]=O)cc2[nH]1
HD8_HD159;NC(C(=O)C1=CC=CC=C1)N;1/000000049;InChI=1S/C8H10N2O/c9-8(10)7(11)6-4-2-1-3-5-6/h1-5,8H,9-10H2;C8H10N2O;150;0.22;3.41;-4.69;1.0;-150;NC(N)C(=O)c1ccccc1
HD8_HD160;C(=C\C1N=C(N)C(=CC=1Br)Br)/C[NH2+]S(=O)(=O)N;5/000000041;InChI=1S/C8H10Br2N4O2S/c9-5-4-6(10)8(11)14-7(5)2-1-3-13-17(12,15)16/h1-2,4,13H,3H2,(H2,11,14)(H2,12,15,16)/p+1/b2-1+;C8H11N4O2SBr2;387;0.9;3.41;-3.79;2.35;-20;Nc1nc(/C=C/CNS(N)(=O)=O)c(Br)cc1Br
HD8_HD161;SC1C=CC(=C(C=1)/C=C\C)C1=NC(=O)ON1;5/000000008;InChI=1S/C11H10N2O2S/c1-2-3-7-6-8(16)4-5-9(7)10-12-11(14)15-13-10/h2-6,16H,1H3,(H,12,13,14)/b3-2-;C11H10N2O2S;234;2.6;3.41;-3.94;16.2;-160;C/C=C\c1cc(S)ccc1-c1nc(=O)o[nH]1
HD8_HD162;SC1=C(Cl)C(Cl)=CC(=C1)CC#CCC1=NCON1;4/000000196;InChI=1S/C12H10Cl2N2OS/c13-9-5-8(6-10(18)12(9)14)3-1-2-4-11-15-7-17-16-11/h5-6,18H,3-4,7H2,(H,15,16);C12H10N2OSCl2;300;4.0;3.4;-6.61;19.8;-42;Sc1cc(CC#CCC2=NCON2)cc(Cl)c1Cl
HD8_HD163;C#CC1=NNN=C1C(=S)NC1=CC(Cl)=CC(=C1)Br;1/000000055;InChI=1S/C11H6BrClN4S/c1-2-9-10(16-17-15-9)11(18)14-8-4-6(12)3-7(13)5-8/h1,3-5H,(H,14,18)(H,15,16,17);C11H6N4SClBr;341;4.39;3.4;-3.99;24.5;0;C#Cc1n[nH]nc1C(=S)Nc1cc(Cl)cc(Br)c1
HD8_HD164;O[C@@H](CC1=NCC=C1)C1C=CC=C2C=1OC(=N2)S;2/000000030;InChI=1S/C13H12N2O2S/c16-11(7-8-3-2-6-14-8)9-4-1-5-10-12(9)17-13(18)15-10/h1-5,11,16H,6-7H2,(H,15,18)/t11-/m0/s1;C13H12N2O2S;260;0.58;3.39;-4.8;19.3;-190;O[C@@H](CC1=NCC=C1)c1cccc2nc(S)oc12
HD8_HD165;OC(=S)NC1=CC=C(C(=C1)C=C)C[C@@H](CO)O;6/000000044;InChI=1S/C12H15NO3S/c1-2-8-5-10(13-12(16)17)4-3-9(8)6-11(15)7-14/h2-5,11,14-15H,1,6-7H2,(H2,13,16,17)/t11-/m0/s1;C12H15NO3S;253;0.83;3.39;-5.75;15.7;-170;C=Cc1cc(NC(O)=S)ccc1C[C@H](O)CO
HD8_HD166;OC1=CC=CC(=C1)C1=C(Cl)N=CN1;3/000000048;InChI=1S/C9H7ClN2O/c10-9-8(11-5-12-9)6-2-1-3-7(13)4-6/h1-5,13H,(H,11,12);C9H7N2OCl;194;2.46;3.39;-2.55;2.22;-120;Oc1cccc(-c2[nH]cnc2Cl)c1
HD8_HD167;OC1C=C(C(=CC=1)NC1=NN=CS1)CCOCC;3/000000054;InChI=1S/C12H15N3O2S/c1-2-17-6-5-9-7-10(16)3-4-11(9)14-12-15-13-8-18-12/h3-4,7-8,16H,2,5-6H2,1H3,(H,14,15);C12H15N3O2S;265;2.78;3.39;-7.51;17.8;-20;CCOCCc1cc(O)ccc1Nc1nncs1
HD8_HD168;OC/C=C\C1=CC(O)=CC=C1C1=C(Cl)C=NN1;3/000000149;InChI=1S/C12H11ClN2O2/c13-11-7-14-15-12(11)10-4-3-9(17)6-8(10)2-1-5-16/h1-4,6-7,16-17H,5H2,(H,14,15)/b2-1-;C12H11N2O2Cl;250;2.67;3.39;-7.58;3.58;-120;OC/C=C\c1cc(O)ccc1-c1[nH]ncc1Cl
HD8_HD169;N(CC[C@H](/C=C/CON)Br)CC;1/000000087;InChI=1S/C8H17BrN2O/c1-2-11-6-5-8(9)4-3-7-12-10/h3-4,8,11H,2,5-7,10H2,1H3/b4-3+/t8-/m0/s1;C8H17N2OBr;237;0.76;3.39;-3.87;2.22;-170;CCNCC[C@@H](Br)/C=C/CON
HD8_HD170;OC(=O)C/C=C/C1=CNC(=NC1)CF;4/000000019;InChI=1S/C9H11FN2O2/c10-4-8-11-5-7(6-12-8)2-1-3-9(13)14/h1-2,5H,3-4,6H2,(H,11,12)(H,13,14)/b2-1+;C9H11N2O2F;198;0.16;3.39;-0.09;2.22;0;O=C(O)C/C=C/C1=CNC(CF)=NC1
HD8_HD171;OC(=S)NC1C=C(C(=CC=1)C=C)CC(=O)NC;6/000000125;InChI=1S/C12H14N2O2S/c1-3-8-4-5-10(14-12(16)17)6-9(8)7-11(15)13-2/h3-6H,1,7H2,2H3,(H,13,15)(H2,14,16,17);C12H14N2O2S;250;1.37;3.38;-8.82;16.9;-60;C=Cc1ccc(NC(O)=S)cc1CC(=O)NC
HD8_HD172;SC1N=CC(=CC=1)C1=NNC(=C1/C=C\N)C(=O)O;4/000000185;InChI=1S/C11H10N4O2S/c12-4-3-7-9(14-15-10(7)11(16)17)6-1-2-8(18)13-5-6/h1-5H,12H2,(H,13,18)(H,14,15)(H,16,17)/b4-3-;C11H10N4O2S;262;1.18;3.37;-4.56;20.7;-140;N/C=C\c1c(-c2ccc(S)nc2)n[nH]c1C(=O)O
HD8_HD173;OC1=CC=C(C=C1)C(=C)/C=C/[C@H]1SCCNC1;3/000000064;InChI=1S/C14H17NOS/c1-11(12-3-5-13(16)6-4-12)2-7-14-10-15-8-9-17-14/h2-7,14-16H,1,8-10H2/b7-2+/t14-/m1/s1;C14H17NOS;247;2.59;3.37;-10.45;3.58;-150;C=C(/C=C/[C@@H]1CNCCS1)c1ccc(O)cc1
HD8_HD174;OC(=O)C/C=C/C1=CNC=N[C@H]1C#CCC[NH2+]C;4/000000131;InChI=1S/C13H17N3O2/c1-14-8-3-2-6-12-11(9-15-10-16-12)5-4-7-13(17)18/h4-5,9-10,12,14H,3,7-8H2,1H3,(H,15,16)(H,17,18)/p+1/b5-4+/t12-/m0/s1;C13H18N3O2;248;0.3;3.36;-4.48;20.9;-170;CNCCC#C[C@@H]1N=CNC=C1/C=C/CC(=O)O
HD8_HD175;S[C@@H](C)C(=C)C1C=C(F)C=C(C=1F)[S@](=O)O;3/000000020;InChI=1S/C10H10F2O2S2/c1-5(6(2)15)8-3-7(11)4-9(10(8)12)16(13)14/h3-4,6,15H,1H2,2H3,(H,13,14)/t6-/m0/s1;C10H10O2S2F2;264;1.16;3.36;-6.65;18.9;-170;C=C(c1cc(F)cc([S@](=O)O)c1F)[C@H](C)S
HD8_HD176;O[C@@H](C(=O)C1=CC=CC=C1)N;1/000000052;InChI=1S/C8H9NO2/c9-8(11)7(10)6-4-2-1-3-5-6/h1-5,8,11H,9H2/t8-/m0/s1;C8H9NO2;151;0.29;3.36;-4.37;2.22;-150;N[C@@H](O)C(=O)c1ccccc1
HD8_HD177;SC[C@H](CC)N(S(=O)(=O)O)C1=CC=C(C(=C1)Cl)Cl;4/000000025;InChI=1S/C10H13Cl2NO3S2/c1-2-7(6-17)13(18(14,15)16)8-3-4-9(11)10(12)5-8/h3-5,7,17H,2,6H2,1H3,(H,14,15,16)/t7-/m0/s1;C10H13NO3S2Cl2;329;3.56;3.36;-7.49;18.8;-170;CC[C@@H](CS)N(c1ccc(Cl)c(Cl)c1)S(=O)(=O)O
HD8_HD178;OC1=CC=CC(=C1)/C=C/CCC1=NN=C(S1)S;3/000000250;InChI=1S/C12H12N2OS2/c15-10-6-3-5-9(8-10)4-1-2-7-11-13-14-12(16)17-11/h1,3-6,8,15H,2,7H2,(H,14,16)/b4-1+;C12H12N2OS2;264;3.44;3.35;-8.38;3.58;0;Oc1cccc(/C=C/CCc2nnc(S)s2)c1
HD8_HD179;SC1=NN=C(N1)CCC1=CSC=N1;3/000000195;InChI=1S/C7H8N4S2/c12-7-9-6(10-11-7)2-1-5-3-13-4-8-5/h3-4H,1-2H2,(H2,9,10,11,12);C7H8N4S2;212;2.27;3.35;-1.78;2.22;0;Sc1nnc(CCc2cscn2)[nH]1
HD8_HD180;C(=C\C1=NOC(=C1CBr)C(=O)[O-])\C/C=C\C;5/000000155;InChI=1S/C11H12BrNO3/c1-2-3-4-5-6-9-8(7-12)10(11(14)15)16-13-9/h2-3,5-6H,4,7H2,1H3,(H,14,15)/p-1/b3-2-,6-5-;C11H11NO3Br;285;2.14;3.34;-2.08;3.85;-20;C/C=C\C/C=C\c1noc(C(=O)O)c1CBr
HD8_HD181;NOC/C=C/[C@H]1C2=CC=CN2CCN1;1/000000009;InChI=1S/C10H15N3O/c11-14-8-2-3-9-10-4-1-6-13(10)7-5-12-9/h1-4,6,9,12H,5,7-8,11H2/b3-2+/t9-/m0/s1;C10H15N3O;193;-0.32;3.34;-0.7;3.58;-190;NOC/C=C/[C@@H]1NCCn2cccc21
HD8_HD182;SC1N=CC(=CC=1)C1=NNC(=C1)C(=O)OCBr;4/000000181;InChI=1S/C10H8BrN3O2S/c11-5-16-10(15)8-3-7(13-14-8)6-1-2-9(17)12-4-6/h1-4H,5H2,(H,12,17)(H,13,14);C10H8N3O2SBr;314;2.56;3.34;-5.22;19.4;-160;O=C(OCBr)c1cc(-c2ccc(S)nc2)n[nH]1
HD8_HD183;O=N(=O)CC/C=C\C1C(F)=CC=C(C=1Br)C(=O)[O-];2/000000031;InChI=1S/C11H9BrFNO4/c12-10-7(3-1-2-6-14(17)18)9(13)5-4-8(10)11(15)16/h1,3-5H,2,6H2,(H,15,16)/p-1/b3-1-;C11H8NO4FBr;317;2.79;3.34;-7.58;2.35;-60;O=C(O)c1ccc(F)c(/C=C\CC[N+](=O)[O-])c1Br
HD8_HD184;OC1=CC=C(C=C1)C(=C)/C=C/C[C@H](C)N;3/000000154;InChI=1S/C13H17NO/c1-10(4-3-5-11(2)14)12-6-8-13(15)9-7-12/h3-4,6-9,11,15H,1,5,14H2,2H3/b4-3+/t11-/m0/s1;C13H17NO;203;2.39;3.34;-6.88;3.58;-170;C=C(/C=C/C[C@H](C)N)c1ccc(O)cc1
HD8_HD185;OC1C=CC=CC=1[C@H](CC)/C=C/CS(=O)(=O)N;5/000000125;InChI=1S/C12H17NO3S/c1-2-10(6-5-9-17(13,15)16)11-7-3-4-8-12(11)14/h3-8,10,14H,2,9H2,1H3,(H2,13,15,16)/b6-5+/t10-/m1/s1;C12H17NO3S;255;1.27;3.34;-1.33;5.09;-170;CC[C@H](/C=C/CS(N)(=O)=O)c1ccccc1O
HD8_HD186;OC1=C(Br)C=C(C=C1Br)[S@](=O)[C@H]1C=NNC1=O;3/000000026;InChI=1S/C9H6Br2N2O3S/c10-5-1-4(2-6(11)8(5)14)17(16)7-3-12-13-9(7)15/h1-3,7,14H,(H,13,15)/t7-,17-/m0/s1;C9H6N2O3SBr2;382;1.26;3.34;-7.4;19.8;-150;O=C1NN=C[C@@H]1[S@@+]([O-])c1cc(Br)c(O)c(Br)c1
HD8_HD187;OC1=CC=CC(=C1)CSCC1=NNC(=O)O1;3/000000077;InChI=1S/C10H10N2O3S/c13-8-3-1-2-7(4-8)5-16-6-9-11-12-10(14)15-9/h1-4,13H,5-6H2,(H,12,14);C10H10N2O3S;238;2.15;3.34;-4.68;16.7;0;O=c1[nH]nc(CSCc2cccc(O)c2)o1
HD8_HD188;S[C@@](CS=O)(C)C1=NN=CN1;3/000000003;InChI=1S/C5H9N3OS2/c1-5(10,2-11-9)4-6-3-7-8-4/h3,10-11H,2H2,1H3,(H,6,7,8)/t5-/m1/s1;C5H9N3OS2;191;-0.02;3.33;-2.59;2.22;-170;C[C@@](S)(C[SH]=O)c1nnc[nH]1
HD8_HD189;OC1=CC=C(C(=C1)Br)C1=CC(=NN1)C(=O)N;3/000000279;InChI=1S/C10H8BrN3O2/c11-7-3-5(15)1-2-6(7)8-4-9(10(12)16)14-13-8/h1-4,15H,(H2,12,16)(H,13,14);C10H8N3O2Br;282;1.94;3.33;-8.53;2.22;-180;NC(=O)c1cc(-c2ccc(O)cc2Br)[nH]n1
HD8_HD190;O=N(=O)/C=C/C(C(=O)CC1=CC=CC=C1)(N)N;1/000000003;InChI=1S/C11H13N3O3/c12-11(13,6-7-14(16)17)10(15)8-9-4-2-1-3-5-9/h1-7H,8,12-13H2/b7-6+;C11H13N3O3;235;0.19;3.32;-6.21;5.09;-190;NC(N)(/C=C/[N+](=O)[O-])C(=O)Cc1ccccc1
HD8_HD191;C1=C(OCCO1)CCC[C@@H]1C=CN=C(N1)C(=O)[O-];5/000000062;InChI=1S/C12H16N2O4/c15-12(16)11-13-5-4-9(14-11)2-1-3-10-8-17-6-7-18-10/h4-5,8-9H,1-3,6-7H2,(H,13,14)(H,15,16)/p-1/t9-/m1/s1;C12H15N2O4;251;0.21;3.32;-6.39;5.21;-170;O=C(O)C1=NC=C[C@@H](CCCC2=COCCO2)N1
HD8_HD192;OC(=S)NC1C=C(Cl)C(=CC=1S)C1=NN=CO1;6/000000007;InChI=1S/C9H6ClN3O2S2/c10-5-2-6(12-9(14)17)7(16)1-4(5)8-13-11-3-15-8/h1-3,16H,(H2,12,14,17);C9H6N3O2S2Cl;287;3.51;3.32;-6.7;22.3;-160;OC(=S)Nc1cc(Cl)c(-c2nnco2)cc1S
HD8_HD193;O[C@](C)(C(=C)C1=CNC=C1)C1=NN=C(S1)C(=O)[O-];5/000000170;InChI=1S/C11H11N3O3S/c1-6(7-3-4-12-5-7)11(2,17)10-14-13-8(18-10)9(15)16/h3-5,12,17H,1H2,2H3,(H,15,16)/p-1/t11-/m1/s1;C11H10N3O3S;264;0.5;3.32;-4.53;3.58;-190;C=C(c1cc[nH]c1)[C@@](C)(O)c1nnc(C(=O)O)s1
HD8_HD194;OC1=CC=CC(=C1)/C=C/[C@H](CCCN)C(=O)OC;3/000000333;InChI=1S/C14H19NO3/c1-18-14(17)12(5-3-9-15)8-7-11-4-2-6-13(16)10-11/h2,4,6-8,10,12,16H,3,5,9,15H2,1H3/b8-7+/t12-/m0/s1;C14H19NO3;249;1.7;3.31;-4.4;3.58;-190;COC(=O)[C@H](/C=C/c1cccc(O)c1)CCCN
HD8_HD195;OC1=CC=C(C=C1)/C(=C\CCCNC)/C=C;3/000000085;InChI=1S/C14H19NO/c1-3-12(6-4-5-11-15-2)13-7-9-14(16)10-8-13/h3,6-10,15-16H,1,4-5,11H2,2H3/b12-6-;C14H19NO;217;2.68;3.31;-3.89;5.09;-20;C=C/C(=C/CCCNC)c1ccc(O)cc1
HD8_HD196;O[C@](C)(/C=C\C=C)C1=NN=C(S1)C(=O)[O-];5/000000164;InChI=1S/C9H10N2O3S/c1-3-4-5-9(2,14)8-11-10-6(15-8)7(12)13/h3-5,14H,1H2,2H3,(H,12,13)/p-1/b5-4-/t9-/m1/s1;C9H9N2O3S;225;0.53;3.31;-2.02;3.85;-170;C=C/C=C\[C@@](C)(O)c1nnc(C(=O)O)s1
HD8_HD197;O[C@@](CCF)(C)C1=NN=C(S1)C(=O)[O-];5/000000068;InChI=1S/C7H9FN2O3S/c1-7(13,2-3-8)6-10-9-4(14-6)5(11)12/h13H,2-3H2,1H3,(H,11,12)/p-1/t7-/m1/s1;C7H8N2O3SF;219;0.46;3.3;-0.89;3.85;-170;C[C@@](O)(CCF)c1nnc(C(=O)O)s1
HD8_HD198;N(CNNCC1=CNC2=C1C=C(F)C(=C2)S=O)C;6/000000017;InChI=1S/C11H15FN4OS/c1-13-6-16-15-5-7-4-14-10-3-11(18-17)9(12)2-8(7)10/h2-4,13-16,18H,5-6H2,1H3;C11H15N4OSF;270;0.46;3.3;-6.77;19.1;-60;CNCNNCc1c[nH]c2cc([SH]=O)c(F)cc12
HD8_HD199;OC1=CC=C(C=C1)C1=CCC=CN1CCC(=O)N;3/000000376;InChI=1S/C14H16N2O2/c15-14(18)8-10-16-9-2-1-3-13(16)11-4-6-12(17)7-5-11/h2-7,9,17H,1,8,10H2,(H2,15,18);C14H16N2O2;244;1.96;3.3;-5.37;3.58;-180;NC(=O)CCN1C=CCC=C1c1ccc(O)cc1
HD8_HD200;[O-]C(=O)C1=CN([C@H](C=N1)CCl)CCl;5/000000118;InChI=1S/C7H8Cl2N2O2/c8-1-5-2-10-6(7(12)13)3-11(5)4-9/h2-3,5H,1,4H2,(H,12,13)/p-1/t5-/m0/s1;C7H7N2O2Cl2;221;1.08;3.29;-3.57;16.4;-150;O=C(O)C1=CN(CCl)[C@@H](CCl)C=N1
HD8_HD201;OCC#CCN1C=C(N=C[C@@H]1C=C)C(=O)[O-];5/000000179;InChI=1S/C11H12N2O3/c1-2-9-7-12-10(11(15)16)8-13(9)5-3-4-6-14/h2,7-9,14H,1,5-6H2,(H,15,16)/p-1/t9-/m0/s1;C11H11N2O3;219;-0.09;3.29;-4.95;2.35;-170;C=C[C@H]1C=NC(C(=O)O)=CN1CC#CCO
HD8_HD202;OC1=CC=C(C=C1)C(=C)/C=C/C1=CN=CN1;3/000000180;InChI=1S/C13H12N2O/c1-10(2-5-12-8-14-9-15-12)11-3-6-13(16)7-4-11/h2-9,16H,1H2,(H,14,15)/b5-2+;C13H12N2O;212;2.21;3.28;-8.9;3.58;0;C=C(/C=C/c1cnc[nH]1)c1ccc(O)cc1
HD8_HD203;SC1=CC(N(=O)=O)=CC(=C1)[C@H](CCOC)N;2/000000054;InChI=1S/C10H14N2O3S/c1-15-3-2-10(11)7-4-8(12(13)14)6-9(16)5-7/h4-6,10,16H,2-3,11H2,1H3/t10-/m0/s1;C10H14N2O3S;242;1.68;3.28;-5.38;2.48;-170;COCC[C@H](N)c1cc(S)cc([N+](=O)[O-])c1
HD8_HD204;S(=O)C1=C(F)C=C(C=C1Cl)CCCCCNN;3/000000009;InChI=1S/C11H16ClFN2OS/c12-9-6-8(4-2-1-3-5-15-14)7-10(13)11(9)17-16/h6-7,15,17H,1-5,14H2;C11H16N2OSFCl;278;1.12;3.28;-11.13;3.58;-40;NNCCCCCc1cc(F)c([SH]=O)c(Cl)c1
HD8_HD205;NOC/C=C/C=C/[C@@H]1CNCC1;1/000000020;InChI=1S/C9H16N2O/c10-12-7-3-1-2-4-9-5-6-11-8-9/h1-4,9,11H,5-8,10H2/b3-1+,4-2+/t9-/m0/s1;C9H16N2O;168;-0.35;3.28;-1.05;3.58;-150;NOC/C=C/C=C/[C@H]1CCNC1
HD8_HD206;SCC/C=C/C1=NC(=CN1)[C@H](CCl)N(=O)=O;4/000000139;InChI=1S/C9H12ClN3O2S/c10-5-8(13(14)15)7-6-11-9(12-7)3-1-2-4-16/h1,3,6,8,16H,2,4-5H2,(H,11,12)/b3-1+/t8-/m0/s1;C9H12N3O2SCl;261;2.13;3.28;0.51;3.85;-190;O=[N+]([O-])[C@@H](CCl)c1c[nH]c(/C=C/CCS)n1
HD8_HD207;O[C@](C)(C(=C)C1=NNC=N1)C1=NN=C(S1)C(=O)[O-];5/000000148;InChI=1S/C9H9N5O3S/c1-4(5-10-3-11-12-5)9(2,17)8-14-13-6(18-8)7(15)16/h3,17H,1H2,2H3,(H,15,16)(H,10,11,12)/p-1/t9-/m1/s1;C9H8N5O3S;266;0.02;3.27;-3.94;3.58;-190;C=C(c1nc[nH]n1)[C@@](C)(O)c1nnc(C(=O)O)s1
HD8_HD208;O[C@@](CC1=C(C=C(C=C1N)Br)/C=C/CN)(CO)C;2/000000046;InChI=1S/C13H19BrN2O2/c1-13(18,8-17)7-11-9(3-2-4-15)5-10(14)6-12(11)16/h2-3,5-6,17-18H,4,7-8,15-16H2,1H3/b3-2+/t13-/m0/s1;C13H19N2O2Br;315;0.82;3.27;-4.24;3.58;-170;C[C@@](O)(CO)Cc1c(N)cc(Br)cc1/C=C/CN
HD8_HD209;OC(=O)/C=C\C1=NCN(C=N1)C1=CC=C(C=C1)O;2/000000018;InChI=1S/C12H11N3O3/c16-10-3-1-9(2-4-10)15-7-13-11(14-8-15)5-6-12(17)18/h1-7,16H,8H2,(H,17,18)/b6-5-;C12H11N3O3;245;1.34;3.27;-0.92;18.5;-160;O=C(O)/C=C\C1=NCN(c2ccc(O)cc2)C=N1
HD8_HD210;N1N=CC(=N1)C(=S)NC1=CC(Cl)=CC(=C1)Br;1/000000054;InChI=1S/C9H6BrClN4S/c10-5-1-6(11)3-7(2-5)13-9(16)8-4-12-15-14-8/h1-4H,(H,13,16)(H,12,14,15);C9H6N4SClBr;317;3.98;3.27;-1.23;20.5;0;S=C(Nc1cc(Cl)cc(Br)c1)c1cn[nH]n1
HD8_HD211;OC1=CC=CC(=C1)/C=C/CC[C@@H](C(=O)N)S;3/000000259;InChI=1S/C12H15NO2S/c13-12(15)11(16)7-2-1-4-9-5-3-6-10(14)8-9/h1,3-6,8,11,14,16H,2,7H2,(H2,13,15)/b4-1+/t11-/m0/s1;C12H15NO2S;237;1.63;3.26;-5.29;5.09;-190;NC(=O)[C@@H](S)CC/C=C/c1cccc(O)c1
HD8_HD212;[O-]C(=O)C1=CN=C(C=N1)C1=NN=CN1;5/000000098;InChI=1S/C7H5N5O2/c13-7(14)5-2-8-4(1-9-5)6-10-3-11-12-6/h1-3H,(H,13,14)(H,10,11,12)/p-1;C7H4N5O2;190;-0.15;3.26;-3.99;14.8;-120;O=C(O)c1cnc(-c2nnc[nH]2)cn1
HD8_HD213;S[C@](C)(N1C=CCCC1)/C=C/C=C/CS(=O)(=O)N;5/000000039;InChI=1S/C12H20N2O2S2/c1-12(17,14-9-5-3-6-10-14)8-4-2-7-11-18(13,15)16/h2,4-5,7-9,17H,3,6,10-11H2,1H3,(H2,13,15,16)/b7-2+,8-4+/t12-/m0/s1;C12H20N2O2S2;288;1.25;3.26;-4.0;3.58;-190;C[C@](S)(/C=C/C=C/CS(N)(=O)=O)N1C=CCCC1
HD8_HD214;OC1=CC=C(C(=C1)/C=C/C)N1N=NN=C1S;3/000000080;InChI=1S/C10H10N4OS/c1-2-3-7-6-8(15)4-5-9(7)14-10(16)11-12-13-14/h2-6,15H,1H3,(H,11,13,16)/b3-2+;C10H10N4OS;234;1.39;3.26;-9.11;18.4;-140;C/C=C/c1cc(O)ccc1-n1nnnc1S
HD8_HD215;OC1=CC=CC(=C1)C(=O)[C@@H]1OC(=O)NC1;3/000000320;InChI=1S/C10H9NO4/c12-7-3-1-2-6(4-7)9(13)8-5-11-10(14)15-8/h1-4,8,12H,5H2,(H,11,14)/t8-/m1/s1;C10H9NO4;207;0.69;3.25;-2.71;2.22;-150;O=C1NC[C@H](C(=O)c2cccc(O)c2)O1
HD8_HD216;OC1=CC=C(C(=C1)CO)C1=C(Cl)C=NN1;3/000000108;InChI=1S/C10H9ClN2O2/c11-9-4-12-13-10(9)8-2-1-7(15)3-6(8)5-14/h1-4,14-15H,5H2,(H,12,13);C10H9N2O2Cl;224;2.07;3.25;-5.96;2.22;-120;OCc1cc(O)ccc1-c1[nH]ncc1Cl
HD8_HD217;OC1=CC=C(C(=C1)C[C@@H](C)S)NC1=NCCO1;3/000000068;InChI=1S/C12H16N2O2S/c1-8(17)6-9-7-10(15)2-3-11(9)14-12-13-4-5-16-12/h2-3,7-8,15,17H,4-6H2,1H3,(H,13,14)/t8-/m1/s1;C12H16N2O2S;252;2.33;3.25;-7.66;14.8;-170;C[C@@H](S)Cc1cc(O)ccc1NC1=NCCO1
HD8_HD218;SCC/C=C/C1=NC(=C(N1)CCC)C1=NN=CS1;4/000000168;InChI=1S/C12H16N4S2/c1-2-5-9-11(12-16-13-8-18-12)15-10(14-9)6-3-4-7-17/h3,6,8,17H,2,4-5,7H2,1H3,(H,14,15)/b6-3+;C12H16N4S2;280;3.67;3.25;-2.41;25.0;-160;CCCc1[nH]c(/C=C/CCS)nc1-c1nncs1
HD8_HD219;C(=C\C1=C(N=C[C@@H](N1)CF)C(=O)[O-])/C;5/000000117;InChI=1S/C9H11FN2O2/c1-2-3-7-8(9(13)14)11-5-6(4-10)12-7/h2-3,5-6,12H,4H2,1H3,(H,13,14)/p-1/b3-2+/t6-/m0/s1;C9H10N2O2F;197;0.82;3.24;-2.78;17.9;-170;C/C=C/C1=C(C(=O)O)N=C[C@H](CF)N1
HD8_HD220;NC[C@H](C(=O)C1=CC=CC=C1)N;1/000000108;InChI=1S/C9H12N2O/c10-6-8(11)9(12)7-4-2-1-3-5-7/h1-5,8H,6,10-11H2/t8-/m1/s1;C9H12N2O;164;0.09;3.24;-3.34;2.22;-150;NC[C@@H](N)C(=O)c1ccccc1
HD8_HD221;SC1C(=CC=C(C=1Cl)Cl)C(=O)NC[C@@H](CN)CS;4/000000205;InChI=1S/C11H14Cl2N2OS2/c12-8-2-1-7(10(18)9(8)13)11(16)15-4-6(3-14)5-17/h1-2,6,17-18H,3-5,14H2,(H,15,16)/t6-/m1/s1;C11H14N2OS2Cl2;324;3.18;3.24;-7.61;3.85;-170;NC[C@@H](CS)CNC(=O)c1ccc(Cl)c(Cl)c1S
HD8_HD222;S[C@@H](C)/C=C\C1=NOC(=C1)C(=O)[O-];5/000000108;InChI=1S/C8H9NO3S/c1-5(13)2-3-6-4-7(8(10)11)12-9-6/h2-5,13H,1H3,(H,10,11)/p-1/b3-2-/t5-/m0/s1;C8H8NO3S;198;1.11;3.24;-1.12;2.22;-170;C[C@H](S)/C=C\c1cc(C(=O)O)on1
HD8_HD223;OC(=O)CC1C(C(=C)/C=C/CC)=CC=C(C=1)O;3/000000332;InChI=1S/C14H16O3/c1-3-4-5-10(2)13-7-6-12(15)8-11(13)9-14(16)17/h4-8,15H,2-3,9H2,1H3,(H,16,17)/b5-4+;C14H16O3;232;2.56;3.24;-9.22;3.58;-20;C=C(/C=C/CC)c1ccc(O)cc1CC(=O)O
HD8_HD224;OC1=CC=CC(=C1)/C(=C/C)/C1=NNC(=O)N1;3/000000288;InChI=1S/C11H11N3O2/c1-2-9(10-12-11(16)14-13-10)7-4-3-5-8(15)6-7/h2-6,15H,1H3,(H2,12,13,14,16)/b9-2-;C11H11N3O2;217;2.13;3.23;-3.71;2.22;-20;C/C=C(/c1cccc(O)c1)c1n[nH]c(=O)[nH]1
HD8_HD225;SC1=C(Cl)C(Cl)=CC(=C1)CNCCON;4/000000193;InChI=1S/C9H12Cl2N2OS/c10-7-3-6(4-8(15)9(7)11)5-13-1-2-14-12/h3-4,13,15H,1-2,5,12H2;C9H12N2OSCl2;266;1.94;3.23;-4.51;3.58;0;NOCCNCc1cc(S)c(Cl)c(Cl)c1
HD8_HD226;OC1=CC=C(C=C1)C(=C)/C=C\C1=CCN=CN1;3/000000145;InChI=1S/C14H14N2O/c1-11(12-3-6-14(17)7-4-12)2-5-13-8-9-15-10-16-13/h2-8,10,17H,1,9H2,(H,15,16)/b5-2-;C14H14N2O;226;2.46;3.23;-7.82;3.58;-60;C=C(/C=C\C1=CCN=CN1)c1ccc(O)cc1
HD8_HD227;OC1=CC=C(C(=C1)Br)[C@@H](CC=C)O;3/000000182;InChI=1S/C10H11BrO2/c1-2-3-10(13)8-5-4-7(12)6-9(8)11/h2,4-6,10,12-13H,1,3H2/t10-/m1/s1;C10H11O2Br;243;2.48;3.23;-6.41;2.35;-150;C=CC[C@@H](O)c1ccc(O)cc1Br
HD8_HD228;C1=C[C@H](NN1)C(=C)C1=NOC(=C1)C(=O)[O-];5/000000160;InChI=1S/C9H9N3O3/c1-5(6-2-3-10-11-6)7-4-8(9(13)14)15-12-7/h2-4,6,10-11H,1H2,(H,13,14)/p-1/t6-/m0/s1;C9H8N3O3;206;0.65;3.23;-2.23;19.2;-150;C=C(c1cc(C(=O)O)on1)[C@@H]1C=CNN1
HD8_HD229;OC1=CC=CC(=C1)CCC(=O)N;3/000000046;InChI=1S/C9H11NO2/c10-9(12)5-4-7-2-1-3-8(11)6-7/h1-3,6,11H,4-5H2,(H2,10,12);C9H11NO2;165;0.48;3.23;-2.72;2.22;0;NC(=O)CCc1cccc(O)c1
HD8_HD230;OC(=S)NC1C=CC(=CC=1)/C=C\C1=NN=NN1;6/000000094;InChI=1S/C10H9N5OS/c16-10(17)11-8-4-1-7(2-5-8)3-6-9-12-14-15-13-9/h1-6H,(H2,11,16,17)(H,12,13,14,15)/b6-3-;C10H9N5OS;247;1.05;3.22;-6.74;21.9;-60;OC(=S)Nc1ccc(/C=C\c2nnn[nH]2)cc1
HD8_HD231;SCC/C=C/C1=NC(=CN1)C1=CSN=N1;4/000000046;InChI=1S/C9H10N4S2/c14-4-2-1-3-9-10-5-7(11-9)8-6-15-13-12-8/h1,3,5-6,14H,2,4H2,(H,10,11)/b3-1+;C9H10N4S2;238;3.35;3.22;-1.11;23.2;-100;SCC/C=C/c1nc(-c2csnn2)c[nH]1
HD8_HD232;OC1=CC=CC(=C1)/C=C/CC1=CNCC=N1;3/000000241;InChI=1S/C13H14N2O/c16-13-6-2-4-11(9-13)3-1-5-12-10-14-7-8-15-12/h1-4,6,8-10,14,16H,5,7H2/b3-1+;C13H14N2O;214;2.02;3.21;-5.78;2.22;0;Oc1cccc(/C=C/CC2=CNCC=N2)c1
HD8_HD233;OC[C@H](CNN)C1C=CC=C2C=1COC2=O;4/000000183;InChI=1S/C11H14N2O3/c12-13-4-7(5-14)8-2-1-3-9-10(8)6-16-11(9)15/h1-3,7,13-14H,4-6,12H2/t7-/m0/s1;C11H14N2O3;222;-0.14;3.21;-6.35;13.2;-190;NNC[C@@H](CO)c1cccc2c1COC2=O
HD8_HD234;C(=S)C1=C(SN=N1)C#C[C@](CCCl)(CN)N;6/000000146;InChI=1S/C9H11ClN4S2/c10-4-3-9(12,6-11)2-1-8-7(5-15)13-14-16-8/h5H,3-4,6,11-12H2/t9-/m0/s1;C9H11N4S2Cl;274;1.26;3.21;-0.06;24.9;-150;NC[C@](N)(C#Cc1snnc1C=S)CCCl
HD8_HD235;NCCCCC1=CC(=CS1)C1=NOC(=O)N1;3/000000358;InChI=1S/C10H13N3O2S/c11-4-2-1-3-8-5-7(6-16-8)9-12-10(14)15-13-9/h5-6H,1-4,11H2,(H,12,13,14);C10H13N3O2S;239;0.91;3.21;-8.23;20.1;-140;NCCCCc1cc(-c2noc(=O)[nH]2)cs1
HD8_HD236;[O-]C(=O)C1=CN[C@@](C=N1)(/C=C/C(=O)C)CCl;5/000000122;InChI=1S/C10H11ClN2O3/c1-7(14)2-3-10(5-11)6-12-8(4-13-10)9(15)16/h2-4,6,13H,5H2,1H3,(H,15,16)/p-1/b3-2+/t10-/m0/s1;C10H10N2O3Cl;241;0.18;3.2;-3.63;3.72;-170;CC(=O)/C=C/[C@]1(CCl)C=NC(C(=O)O)=CN1
HD8_HD237;OC1=CC=CC(=C1)C(=O)NC1=CC=NN1;3/000000347;InChI=1S/C10H9N3O2/c14-8-3-1-2-7(6-8)10(15)12-9-4-5-11-13-9/h1-6,14H,(H2,11,12,13,15);C10H9N3O2;203;1.85;3.2;-5.86;2.22;0;O=C(Nc1ccn[nH]1)c1cccc(O)c1
HD8_HD238;SCCNCC1=N[C@@H](CO1)C#CC1=CSC=N1;3/000000032;InChI=1S/C11H13N3OS2/c16-4-3-12-5-11-14-9(6-15-11)1-2-10-7-17-8-13-10/h7-9,12,16H,3-6H2/t9-/m1/s1;C11H13N3OS2;267;1.34;3.2;-4.87;24.4;-190;SCCNCC1=N[C@H](C#Cc2cscn2)CO1
HD8_HD239;OC1=C(Br)C=C(C=C1Br)[S@](=O)C[C@@H]1NCCC1;3/000000189;InChI=1S/C11H13Br2NO2S/c12-9-4-8(5-10(13)11(9)15)17(16)6-7-2-1-3-14-7/h4-5,7,14-15H,1-3,6H2/t7-,17-/m1/s1;C11H13NO2SBr2;383;2.02;3.2;-10.04;15.8;-150;[O-][S@+](C[C@H]1CCCN1)c1cc(Br)c(O)c(Br)c1
HD8_HD240;C(=C)C/C=C/[C@H]1C=NC(=CN1)C(=O)[O-];5/000000113;InChI=1S/C10H12N2O2/c1-2-3-4-5-8-6-12-9(7-11-8)10(13)14/h2,4-8,11H,1,3H2,(H,13,14)/p-1/b5-4+/t8-/m0/s1;C10H11N2O2;191;0.47;3.19;-2.14;2.35;-150;C=CC/C=C/[C@H]1C=NC(C(=O)O)=CN1
HD8_HD241;OC1=CC=CC(=C1)CSCC1=NC(=CN1)Cl;3/000000340;InChI=1S/C11H11ClN2OS/c12-10-5-13-11(14-10)7-16-6-8-2-1-3-9(15)4-8/h1-5,15H,6-7H2,(H,13,14);C11H11N2OSCl;254;2.69;3.19;-7.48;15.7;-20;Oc1cccc(CSCc2nc(Cl)c[nH]2)c1
HD8_HD242;C1=C[C@H](NC(=N1)C(=O)[O-])CCC;5/000000033;InChI=1S/C8H12N2O2/c1-2-3-6-4-5-9-7(10-6)8(11)12/h4-6H,2-3H2,1H3,(H,9,10)(H,11,12)/p-1/t6-/m1/s1;C8H11N2O2;167;0.17;3.19;-3.43;2.22;-170;CCC[C@@H]1C=CN=C(C(=O)O)N1
HD8_HD243;OC[C@H](CS)C1=CC(F)=C(C(=C1)Cl)S=O;3/000000006;InChI=1S/C9H10ClFO2S2/c10-7-1-5(6(3-12)4-14)2-8(11)9(7)15-13/h1-2,6,12,14-15H,3-4H2/t6-/m1/s1;C9H10O2S2FCl;268;0.88;3.19;-5.01;16.3;-150;O=[SH]c1c(F)cc([C@H](CO)CS)cc1Cl
HD8_HD244;SCC1=NC=C(O1)C1=CC=C(C(=C1S)Cl)Cl;4/000000203;InChI=1S/C10H7Cl2NOS2/c11-6-2-1-5(10(16)9(6)12)7-3-13-8(4-15)14-7/h1-3,15-16H,4H2;C10H7NOS2Cl2;291;3.81;3.18;-6.13;2.22;-155;SCc1ncc(-c2ccc(Cl)c(Cl)c2S)o1
HD8_HD245;OC1=CC=C(C=C1)C1=CC=C(C(=C1)O)F;2/000000012;InChI=1S/C12H9FO2/c13-11-6-3-9(7-12(11)15)8-1-4-10(14)5-2-8/h1-7,14-15H;C12H9O2F;204;3.31;3.18;-0.93;1.0;-160;Oc1ccc(-c2ccc(F)c(O)c2)cc1
HD8_HD246;O[C@H](CC)C[S@@](=O)C1C(F)=CC(=C(C=1)CO)Br;3/000000010;InChI=1S/C11H14BrFO3S/c1-2-8(15)6-17(16)11-3-7(5-14)9(12)4-10(11)13/h3-4,8,14-15H,2,5-6H2,1H3/t8-,17-/m1/s1;C11H14O3SFBr;325;0.93;3.18;-9.63;16.2;-170;CC[C@@H](O)C[S@@+]([O-])c1cc(CO)c(Br)cc1F
HD8_HD247;OC(=O)C/C=C/C1=CNC(=NC1)CSCC;4/000000126;InChI=1S/C11H16N2O2S/c1-2-16-8-10-12-6-9(7-13-10)4-3-5-11(14)15/h3-4,6H,2,5,7-8H2,1H3,(H,12,13)(H,14,15)/b4-3+;C11H16N2O2S;240;0.92;3.18;-3.11;18.0;-40;CCSCC1=NCC(/C=C/CC(=O)O)=CN1
HD8_HD248;OC1=CC=C(C(=C1)NC(N)=N)C1=C(Cl)C=NN1;3/000000147;InChI=1S/C10H10ClN5O/c11-7-4-14-16-9(7)6-2-1-5(17)3-8(6)15-10(12)13/h1-4,17H,(H,14,16)(H4,12,13,15);C10H10N5OCl;251;1.58;3.17;-7.62;18.4;-120;N=C(N)Nc1cc(O)ccc1-c1[nH]ncc1Cl
HD8_HD249;SC1C=C(Cl)C(=CC=1[C@H](CON)N)Cl;4/000000178;InChI=1S/C8H10Cl2N2OS/c9-5-1-4(7(11)3-13-12)8(14)2-6(5)10/h1-2,7,14H,3,11-12H2/t7-/m0/s1;C8H10N2OSCl2;252;1.65;3.17;-4.49;2.48;-150;NOC[C@H](N)c1cc(Cl)c(Cl)cc1S
HD8_HD250;C=CC1=NC=C(N1)[C@@]([NH3+])(C1=NNC=C1)C#CC;4/000000034;InChI=1S/C12H13N5/c1-3-6-12(13,9-5-7-15-17-9)10-8-14-11(4-2)16-10/h4-5,7-8H,2,13H2,1H3,(H,14,16)(H,15,17)/p+1/t12-/m0/s1;C12H14N5;228;0.8;3.17;-4.25;23.6;-190;C=Cc1ncc([C@](N)(C#CC)c2cc[nH]n2)[nH]1
HD8_HD251;OCC(=S)C1=C[C@H](C=C(O1)CF)C/C=C/N;1/000000065;InChI=1S/C11H14FNO2S/c12-6-9-4-8(2-1-3-13)5-10(15-9)11(16)7-14/h1,3-5,8,14H,2,6-7,13H2/b3-1+/t8-/m0/s1;C11H14NO2SF;243;0.4;3.17;-4.96;19.8;-150;N/C=C/C[C@H]1C=C(CF)OC(C(=S)CO)=C1
HD8_HD252;C(=C\C1=C[C@H](C=CN1)/C=C/C)/C[NH2+]S(=O)(=O)N;5/000000049;InChI=1S/C11H17N3O2S/c1-2-4-10-6-8-13-11(9-10)5-3-7-14-17(12,15)16/h2-6,8-10,13-14H,7H2,1H3,(H2,12,15,16)/p+1/b4-2+,5-3+/t10-/m0/s1;C11H18N3O2S;256;0.73;3.16;-4.29;3.58;-190;C/C=C/[C@H]1C=CNC(/C=C/CNS(N)(=O)=O)=C1
HD8_HD253;O=[S@@](C1=CC(Br)=C(C(=C1)CNC)Cl)NOCC;2/000000025;InChI=1S/C10H14BrClN2O2S/c1-3-16-14-17(15)8-4-7(6-13-2)10(12)9(11)5-8/h4-5,13-14H,3,6H2,1-2H3/t17-/m0/s1;C10H14N2O2SClBr;341;1.96;3.16;-5.38;16.2;-80;CCON[S@@+]([O-])c1cc(Br)c(Cl)c(CNC)c1
HD8_HD254;C1=CN=C(N[C@H]1CC)C(=O)[O-];5/000000085;InChI=1S/C7H10N2O2/c1-2-5-3-4-8-6(9-5)7(10)11/h3-5H,2H2,1H3,(H,8,9)(H,10,11)/p-1/t5-/m0/s1;C7H9N2O2;153;-0.18;3.16;-1.79;2.22;-170;CC[C@H]1C=CN=C(C(=O)O)N1
HD8_HD255;C(=C\C1=NOC(=C1)C(=O)[O-])\C/C=C\C;5/000000137;InChI=1S/C10H11NO3/c1-2-3-4-5-6-8-7-9(10(12)13)14-11-8/h2-3,5-7H,4H2,1H3,(H,12,13)/p-1/b3-2-,6-5-;C10H10NO3;192;1.42;3.16;-0.51;2.22;-20;C/C=C\C/C=C\c1cc(C(=O)O)on1
HD8_HD256;NNC[C@H](C1=CC=C(C(=C1)Cl)Cl)C=C;4/000000024;InChI=1S/C10H12Cl2N2/c1-2-7(6-14-13)8-3-4-9(11)10(12)5-8/h2-5,7,14H,1,6,13H2/t7-/m1/s1;C10H12N2Cl2;230;2.72;3.16;-6.04;3.72;-150;C=C[C@H](CNN)c1ccc(Cl)c(Cl)c1
HD8_HD257;OC1=CC=CC(=C1)CSCCCNN;3/000000308;InChI=1S/C10H16N2OS/c11-12-5-2-6-14-8-9-3-1-4-10(13)7-9/h1,3-4,7,12-13H,2,5-6,8,11H2;C10H16N2OS;212;1.64;3.15;-6.75;11.3;0;NNCCCSCc1cccc(O)c1
HD8_HD258;OC1=CC=CC(=C1)/C=C/CC[C@@H](C)O;3/000000235;InChI=1S/C12H16O2/c1-10(13)5-2-3-6-11-7-4-8-12(14)9-11/h3-4,6-10,13-14H,2,5H2,1H3/b6-3+/t10-/m1/s1;C12H16O2;192;2.38;3.15;-8.63;5.09;-190;C[C@@H](O)CC/C=C/c1cccc(O)c1
HD8_HD259;SC1=C(Cl)C(Cl)=CC(=C1)CNCS(=O)(=O)CC;4/000000198;InChI=1S/C10H13Cl2NO2S2/c1-2-17(14,15)6-13-5-7-3-8(11)10(12)9(16)4-7/h3-4,13,16H,2,5-6H2,1H3;C10H13NO2S2Cl2;313;2.97;3.15;-5.29;3.58;-56;CCS(=O)(=O)CNCc1cc(S)c(Cl)c(Cl)c1
HD8_HD260;OC1=CC=C(C(=C1)Br)[C@@H](C(=O)C)NC=S;3/000000220;InChI=1S/C10H10BrNO2S/c1-6(13)10(12-5-15)8-3-2-7(14)4-9(8)11/h2-5,10,14H,1H3,(H,12,15)/t10-/m1/s1;C10H10NO2SBr;288;1.6;3.15;-9.04;15.0;-170;CC(=O)[C@@H](NC=S)c1ccc(O)cc1Br
HD8_HD261;OC1=CC=C(C=C1)/C(=C\C(N)N)/C=C;3/000000152;InChI=1S/C11H14N2O/c1-2-8(7-11(12)13)9-3-5-10(14)6-4-9/h2-7,11,14H,1,12-13H2/b8-7-;C11H14N2O;190;1.24;3.15;-6.6;3.58;-150;C=C/C(=C/C(N)N)c1ccc(O)cc1
HD8_HD262;O[C@H](C1=NN=CCN1)C(=C)C1=NOC(=O)N1;3/000000374;InChI=1S/C8H9N5O3/c1-4(6-11-8(15)16-13-6)5(14)7-9-2-3-10-12-7/h3,5,14H,1-2H2,(H,9,12)(H,11,13,15)/t5-/m0/s1;C8H9N5O3;223;0.01;3.14;-3.14;2.22;-150;C=C(c1noc(=O)[nH]1)[C@H](O)C1=NN=CCN1
HD8_HD263;OC(CNC(=O)C#CC1=C(SC=N1)CC)(F)F;3/000000192;InChI=1S/C10H10F2N2O2S/c1-2-8-7(14-6-17-8)3-4-9(15)13-5-10(11,12)16/h6,16H,2,5H2,1H3,(H,13,15);C10H10N2O2SF2;260;0.96;3.14;-6.1;3.85;-190;CCc1scnc1C#CC(=O)NCC(O)(F)F
HD8_HD264;C#C[C@@H](C1=CC=C(C=C1)O)C1=NNN=N1;3/000000115;InChI=1S/C10H8N4O/c1-2-9(10-11-13-14-12-10)7-3-5-8(15)6-4-7/h1,3-6,9,15H,(H,11,12,13,14)/t9-/m0/s1;C10H8N4O;200;2.05;3.14;-7.78;18.6;-150;C#C[C@@H](c1ccc(O)cc1)c1nn[nH]n1
HD8_HD265;OP(OCC[C@H](C1=CNC=N1)/C=C/CBr)([O])=O;5/000000040;InChI=1S/C9H13BrN2O4P/c10-4-1-2-8(9-6-11-7-12-9)3-5-16-17(13,14)15/h1-2,6-8H,3-5H2,(H,11,12)(H,13,14)/b2-1+/t8-/m1/s1;C9H13N2O4PBr;324;0.11;3.13;-4.38;5.09;-170;[O]P(=O)(O)OCC[C@@H](/C=C/CBr)c1c[nH]cn1
HD8_HD266;O[C@](C)(C(=C)CCCl)C1=NN=C(S1)C(=O)[O-];5/000000147;InChI=1S/C9H11ClN2O3S/c1-5(3-4-10)9(2,15)8-12-11-6(16-8)7(13)14/h15H,1,3-4H2,2H3,(H,13,14)/p-1/t9-/m1/s1;C9H10N2O3SCl;261;0.71;3.13;-3.49;3.58;-190;C=C(CCCl)[C@@](C)(O)c1nnc(C(=O)O)s1
HD8_HD267;SCCCC/C=C\[C@H]1C=NC(=CN1)C(=O)[O-];5/000000172;InChI=1S/C11H16N2O2S/c14-11(15)10-8-12-9(7-13-10)5-3-1-2-4-6-16/h3,5,7-9,12,16H,1-2,4,6H2,(H,14,15)/p-1/b5-3-/t9-/m0/s1;C11H15N2O2S;239;1.25;3.13;-4.5;2.35;-150;O=C(O)C1=CN[C@@H](/C=C\CCCCS)C=N1
HD8_HD268;OC1=CC=CC(=C1)/C=C/CCC(=O)N;3/000000233;InChI=1S/C11H13NO2/c12-11(14)7-2-1-4-9-5-3-6-10(13)8-9/h1,3-6,8,13H,2,7H2,(H2,12,14)/b4-1+;C11H13NO2;191;1.09;3.13;-6.66;3.58;0;NC(=O)CC/C=C/c1cccc(O)c1
HD8_HD269;S[C@H](C(=O)C1=CC=CC=C1)C(=O)O;1/000000110;InChI=1S/C9H8O3S/c10-7(8(13)9(11)12)6-4-2-1-3-5-6/h1-5,8,13H,(H,11,12)/t8-/m1/s1;C9H8O3S;196;1.17;3.13;-2.61;2.22;-150;O=C(O)[C@H](S)C(=O)c1ccccc1
HD8_HD270;OC1=CC=C(C=C1)C(=C)/C=C/C[C@H](CO)N;3/000000299;InChI=1S/C13H17NO2/c1-10(3-2-4-12(14)9-15)11-5-7-13(16)8-6-11/h2-3,5-8,12,15-16H,1,4,9,14H2/b3-2+/t12-/m1/s1;C13H17NO2;219;1.26;3.13;-9.79;5.09;-150;C=C(/C=C/C[C@@H](N)CO)c1ccc(O)cc1
HD8_HD271;N/C(=C\C1=C(Cl)C=NN1)/C(/C=C/N(=O)=O)(N)N;1/000000007;InChI=1S/C8H11ClN6O2/c9-5-4-13-14-6(5)3-7(10)8(11,12)1-2-15(16)17/h1-4H,10-12H2,(H,13,14)/b2-1+,7-3-;C8H11N6O2Cl;258;-0.17;3.13;-6.89;2.35;-190;N/C(=C\c1[nH]ncc1Cl)C(N)(N)/C=C/[N+](=O)[O-]
HD8_HD272;OC1=CC=CC(=C1)[C@H](CCCCC)NCO;3/000000127;InChI=1S/C13H21NO2/c1-2-3-4-8-13(14-10-15)11-6-5-7-12(16)9-11/h5-7,9,13-16H,2-4,8,10H2,1H3/t13-/m0/s1;C13H21NO2;223;2.51;3.12;-6.51;3.58;-170;CCCCC[C@H](NCO)c1cccc(O)c1
HD8_HD273;OC1=CC=C(C(=C1)C[NH3+])C1=NN=C(S1)N;3/000000247;InChI=1S/C9H10N4OS/c10-4-5-3-6(14)1-2-7(5)8-12-13-9(11)15-8/h1-3,14H,4,10H2,(H2,11,13)/p+1;C9H11N4OS;223;1.11;3.12;-6.94;16.2;-140;NCc1cc(O)ccc1-c1nnc(N)s1
HD8_HD274;O[S@@](=O)C1=CC=CC(=C1)C(S)(F)F;3/000000038;InChI=1S/C7H6F2O2S2/c8-7(9,12)5-2-1-3-6(4-5)13(10)11/h1-4,12H,(H,10,11);C7H6O2S2F2;224;0.3;3.12;-5.48;16.1;-150;O=[S@](O)c1cccc(C(F)(F)S)c1
HD8_HD275;O[S@@](=O)C1C=CC(=C(C=1)OCN)/C=C/C;3/000000208;InChI=1S/C10H13NO3S/c1-2-3-8-4-5-9(15(12)13)6-10(8)14-7-11/h2-6H,7,11H2,1H3,(H,12,13)/b3-2+;C10H13NO3S;227;-0.16;3.12;-7.54;13.6;-40;C/C=C/c1ccc([S@](=O)O)cc1OCN
HD8_HD276;O[C@](C)(C=C)C1=NN=C(S1)C(=O)[O-];5/000000075;InChI=1S/C7H8N2O3S/c1-3-7(2,12)6-9-8-4(13-6)5(10)11/h3,12H,1H2,2H3,(H,10,11)/p-1/t7-/m1/s1;C7H7N2O3S;199;0.26;3.12;-1.05;3.58;-170;C=C[C@@](C)(O)c1nnc(C(=O)O)s1
HD8_HD277;O[S@@](=O)C1C=CC=C(C=1)O[C@H](CCC)N;3/000000205;InChI=1S/C10H15NO3S/c1-2-4-10(11)14-8-5-3-6-9(7-8)15(12)13/h3,5-7,10H,2,4,11H2,1H3,(H,12,13)/t10-/m1/s1;C10H15NO3S;229;0.19;3.12;-8.46;2.22;-170;CCC[C@H](N)Oc1cccc([S@](=O)O)c1
HD8_HD278;O[S@@](=O)C1=CC(=CC(=C1)C(S)(F)F)C;3/000000204;InChI=1S/C8H8F2O2S2/c1-5-2-6(8(9,10)13)4-7(3-5)14(11)12/h2-4,13H,1H3,(H,11,12);C8H8O2S2F2;238;0.52;3.12;-6.78;16.7;-170;Cc1cc([S@](=O)O)cc(C(F)(F)S)c1
HD8_HD279;O[S@@](=O)C1=CC(F)=CC(=C1F)[C@H](CC)[NH3+];3/000000036;InChI=1S/C9H11F2NO2S/c1-2-7(12)6-3-5(10)4-8(9(6)11)15(13)14/h3-4,7H,2,12H2,1H3,(H,13,14)/p+1/t7-/m0/s1;C9H12NO2SF2;236;0.07;3.12;-6.66;16.2;-190;CC[C@H](N)c1cc(F)cc([S@](=O)O)c1F
HD8_HD280;NCN[C@H](C1C=C(F)C=C(C=1)N[C](N)N)C=C;6/000000144;InChI=1S/C11H17FN5/c1-2-10(16-6-13)7-3-8(12)5-9(4-7)17-11(14)15/h2-5,10,16-17H,1,6,13-15H2/t10-/m0/s1;C11H17N5F;238;0.24;3.11;-6.77;16.8;-190;C=C[C@H](NCN)c1cc(F)cc(N[C](N)N)c1
HD8_HD281;SC1=NC(=CN1)C1C=NC(=CC=1N(=O)=O)S;4/000000189;InChI=1S/C8H6N4O2S2/c13-12(14)6-1-7(15)9-2-4(6)5-3-10-8(16)11-5/h1-3H,(H,9,15)(H2,10,11,16);C8H6N4O2S2;254;1.72;3.11;-7.26;19.9;-120;O=[N+]([O-])c1cc(S)ncc1-c1c[nH]c(S)n1
HD8_HD282;SC1=C(Cl)C(Cl)=CC(=C1)CN[C@@H]1COC=NC1;4/000000200;InChI=1S/C11H12Cl2N2OS/c12-9-1-7(2-10(17)11(9)13)3-15-8-4-14-6-16-5-8/h1-2,6,8,15,17H,3-5H2/t8-/m0/s1;C11H12N2OSCl2;290;2.99;3.11;-4.11;3.58;-164;Sc1cc(CN[C@H]2CN=COC2)cc(Cl)c1Cl
HD8_HD283;O[S@@](=O)C1=CC=C(C(=C1)C(S)(F)F)OCC;3/000000206;InChI=1S/C9H10F2O3S2/c1-2-14-8-4-3-6(16(12)13)5-7(8)9(10,11)15/h3-5,15H,2H2,1H3,(H,12,13);C9H10O3S2F2;268;0.64;3.11;-7.62;18.5;-190;CCOc1ccc([S@](=O)O)cc1C(F)(F)S
HD8_HD284;OC1=CC(OCC[NH3+])=CC(=C1)N(=O)=O;3/000000318;InChI=1S/C8H10N2O4/c9-1-2-14-8-4-6(10(12)13)3-7(11)5-8/h3-5,11H,1-2,9H2/p+1;C8H11N2O4;199;0.65;3.11;-4.91;2.35;0;NCCOc1cc(O)cc([N+](=O)[O-])c1
HD8_HD285;C=C(CCCC[C@@H]1C=CN=C(N1)C(=O)[O-])NC;5/000000102;InChI=1S/C12H19N3O2/c1-9(13-2)5-3-4-6-10-7-8-14-11(15-10)12(16)17/h7-8,10,13H,1,3-6H2,2H3,(H,14,15)(H,16,17)/p-1/t10-/m1/s1;C12H18N3O2;236;0.52;3.1;-6.32;5.21;-190;C=C(CCCC[C@@H]1C=CN=C(C(=O)O)N1)NC
HD8_HD286;OC1=CC=C(C(=C1)Br)CC(=O)C[C@H](CO)F;3/000000331;InChI=1S/C11H12BrFO3/c12-11-5-9(15)2-1-7(11)3-10(16)4-8(13)6-14/h1-2,5,8,14-15H,3-4,6H2/t8-/m1/s1;C11H12O3FBr;291;1.73;3.1;-5.87;3.58;-150;O=C(Cc1ccc(O)cc1Br)C[C@@H](F)CO
HD8_HD287;OC(=S)NC1=CC=CC(=C1)C[C@H](C)O;6/000000003;InChI=1S/C10H13NO2S/c1-7(12)5-8-3-2-4-9(6-8)11-10(13)14/h2-4,6-7,12H,5H2,1H3,(H2,11,13,14)/t7-/m0/s1;C10H13NO2S;211;1.45;3.1;-5.76;2.22;-190;C[C@H](O)Cc1cccc(NC(O)=S)c1
HD8_HD288;SC1N=CC(=CC=1)[C@@](CS)(CO)C1=CNC=N1;4/000000105;InChI=1S/C11H13N3OS2/c15-5-11(6-16,9-4-12-7-14-9)8-1-2-10(17)13-3-8/h1-4,7,15-16H,5-6H2,(H,12,14)(H,13,17)/t11-/m0/s1;C11H13N3OS2;267;1.3;3.09;-6.18;17.7;-150;OC[C@](CS)(c1ccc(S)nc1)c1c[nH]cn1
HD8_HD289;ONC(=O)C1=CC(S)=C(C=C1O)/C=C\[C@@H](S)Cl;2/000000006;InChI=1S/C10H10ClNO3S2/c11-9(17)2-1-5-3-7(13)6(4-8(5)16)10(14)12-15/h1-4,9,13,15-17H,(H,12,14)/b2-1-/t9-/m1/s1;C10H10NO3S2Cl;291;2.21;3.09;-5.7;18.5;-170;O=C(NO)c1cc(S)c(/C=C\[C@@H](S)Cl)cc1O
HD8_HD290;OC1C=C(C(=O)C2=NN=C(S2)N)C(=CC=1O)Cl;2/000000033;InChI=1S/C9H6ClN3O3S/c10-4-2-6(15)5(14)1-3(4)7(16)8-12-13-9(11)17-8/h1-2,14-15H,(H2,11,13);C9H6N3O3SCl;271;1.82;3.09;-2.39;2.22;-20;Nc1nnc(C(=O)c2cc(O)c(O)cc2Cl)s1
HD8_HD291;OC1=C(C2=NN=CN2)C(Br)=CC(=C1)N[C](N)N;6/000000088;InChI=1S/C9H10BrN6O/c10-5-1-4(15-9(11)12)2-6(17)7(5)8-13-3-14-16-8/h1-3,15,17H,11-12H2,(H,13,14,16);C9H10N6OBr;298;2.1;3.09;-8.4;18.0;-180;N[C](N)Nc1cc(O)c(-c2nnc[nH]2)c(Br)c1
HD8_HD292;SC1=NN=C(N1)[C@H](/C=C(\C)/N(=O)=O)C(=O)N;1/000000064;InChI=1S/C7H9N5O3S/c1-3(12(14)15)2-4(5(8)13)6-9-7(16)11-10-6/h2,4H,1H3,(H2,8,13)(H2,9,10,11,16)/b3-2+/t4-/m1/s1;C7H9N5O3S;243;0.92;3.09;-4.72;5.09;-170;C/C(=C\[C@H](C(N)=O)c1nnc(S)[nH]1)[N+](=O)[O-]
HD8_HD293;SCC/C=C/C1=NC(=CN1)[C@H](C=C)N(=O)=O;4/000000125;InChI=1S/C10H13N3O2S/c1-2-9(13(14)15)8-7-11-10(12-8)5-3-4-6-16/h2-3,5,7,9,16H,1,4,6H2,(H,11,12)/b5-3+/t9-/m0/s1;C10H13N3O2S;239;2.15;3.09;-0.15;3.85;-190;C=C[C@@H](c1c[nH]c(/C=C/CCS)n1)[N+](=O)[O-]
HD8_HD294;NOC/C=C/C=C/C(=O)NC1N=CC=CC=1;1/000000070;InChI=1S/C11H13N3O2/c12-16-9-5-1-2-7-11(15)14-10-6-3-4-8-13-10/h1-8H,9,12H2,(H,13,14,15)/b5-1+,7-2+;C11H13N3O2;219;0.08;3.09;-5.02;5.09;0;NOC/C=C/C=C/C(=O)Nc1ccccn1
HD8_HD295;O[C@@H](CC1=C(C=C(C=C1)Br)/C=C/CN)CO;2/000000009;InChI=1S/C12H16BrNO2/c13-11-4-3-10(7-12(16)8-15)9(6-11)2-1-5-14/h1-4,6,12,15-16H,5,7-8,14H2/b2-1+/t12-/m0/s1;C12H16NO2Br;286;1.22;3.08;-5.63;3.58;-150;NC/C=C/c1cc(Br)ccc1C[C@H](O)CO
HD8_HD296;[O-]C(=O)/C(=C\COC(=O)[C@@H]1[NH2+]CCC1)/N(=O)=O;1/000000014;InChI=1S/C9H12N2O6/c12-8(13)7(11(15)16)3-5-17-9(14)6-2-1-4-10-6/h3,6,10H,1-2,4-5H2,(H,12,13)/b7-3+/t6-/m1/s1;C9H12N2O6;244;-0.1;3.08;-1.5;2.22;-150;O=C(O)/C(=C\COC(=O)[C@H]1CCCN1)[N+](=O)[O-]
HD8_HD297;OC1=C(Br)C=C(C=C1Br)[S@](=O)NC(=O)CCC;3/000000014;InChI=1S/C10H11Br2NO3S/c1-2-3-9(14)13-17(16)6-4-7(11)10(15)8(12)5-6/h4-5,15H,2-3H2,1H3,(H,13,14)/t17-/m0/s1;C10H11NO3SBr2;385;1.75;3.07;-11.12;2.48;-20;CCCC(=O)N[S@@+]([O-])c1cc(Br)c(O)c(Br)c1
HD8_HD298;NOC/C=C/C=C/C1CNNC1;1/000000078;InChI=1S/C8H15N3O/c9-12-5-3-1-2-4-8-6-10-11-7-8/h1-4,8,10-11H,5-7,9H2/b3-1+,4-2+;C8H15N3O;169;0.06;3.07;-4.38;2.22;-150;NOC/C=C/C=C/C1CNNC1
HD8_HD299;S[C@H](C/C=C/C1=NC=CN1)C1=NC=CO1;4/000000120;InChI=1S/C10H11N3OS/c15-8(10-13-6-7-14-10)2-1-3-9-11-4-5-12-9/h1,3-8,15H,2H2,(H,11,12)/b3-1+/t8-/m1/s1;C10H11N3OS;221;0.53;3.07;0.47;2.22;-150;S[C@H](C/C=C/c1ncc[nH]1)c1ncco1
HD8_HD300;C#C[C@@]1(C=NC(=CN1)C(=O)[O-])C=C;5/000000183;InChI=1S/C9H8N2O2/c1-3-9(4-2)6-10-7(5-11-9)8(12)13/h1,4-6,11H,2H2,(H,12,13)/p-1/t9-/m0/s1;C9H7N2O2;175;0.25;3.07;-0.66;18.0;-150;C#C[C@]1(C=C)C=NC(C(=O)O)=CN1
HD8_HD301;OC(=S)NC1=CC(S)=C(C(=C1)Cl)/C=C/N(=O)=O;6/000000133;InChI=1S/C9H7ClN2O3S2/c10-7-3-5(11-9(13)17)4-8(16)6(7)1-2-12(14)15/h1-4,16H,(H2,11,13,17)/b2-1+;C9H7N2O3S2Cl;290;2.8;3.06;-9.56;20.9;-44;O=[N+]([O-])/C=C/c1c(S)cc(NC(O)=S)cc1Cl
HD8_HD302;OC(=O)C(=S)C1=CC(Cl)=CC(=C1C(=O)N)Cl;1/000000112;InChI=1S/C9H5Cl2NO3S/c10-3-1-4(7(16)9(14)15)6(8(12)13)5(11)2-3/h1-2H,(H2,12,13)(H,14,15);C9H5NO3SCl2;277;1.63;3.06;-5.92;18.3;-20;NC(=O)c1c(Cl)cc(Cl)cc1C(=S)C(=O)O
HD8_HD303;C1=C[C@@H](C=CN1)/C=C/C1=NOC(=C1)C(=O)[O-];5/000000088;InChI=1S/C11H10N2O3/c14-11(15)10-7-9(13-16-10)2-1-8-3-5-12-6-4-8/h1-8,12H,(H,14,15)/p-1/b2-1+;C11H9N2O3;217;1.39;3.06;-6.69;2.22;-150;O=C(O)c1cc(/C=C/C2C=CNC=C2)no1
HD8_HD304;SC1=C(Cl)C(Cl)=CC(=C1)[C@@H](C1=CON=C1)N;4/000000206;InChI=1S/C10H8Cl2N2OS/c11-7-1-5(2-8(16)9(7)12)10(13)6-3-14-15-4-6/h1-4,10,16H,13H2/t10-/m0/s1;C10H8N2OSCl2;274;2.98;3.06;-5.29;17.7;-160;N[C@H](c1cnoc1)c1cc(S)c(Cl)c(Cl)c1
HD8_HD305;OC1C(O)=CC=CC=1CSC;3/000000293;InChI=1S/C8H10O2S/c1-11-5-6-3-2-4-7(9)8(6)10/h2-4,9-10H,5H2,1H3;C8H10O2S;170;1.94;3.06;-4.46;8.5;-20;CSCc1cccc(O)c1O
HD8_HD306;O[S@@](=O)C1=CC(F)=CC(=C1F)[C@H](C)O;3/000000008;InChI=1S/C8H8F2O3S/c1-4(11)6-2-5(9)3-7(8(6)10)14(12)13/h2-4,11H,1H3,(H,12,13)/t4-/m0/s1;C8H8O3SF2;222;-0.22;3.06;-5.73;15.4;-170;C[C@H](O)c1cc(F)cc([S@](=O)O)c1F
HD8_HD307;OC1=CC=C(C=C1)C(=C)C(=O)/C=C/CNCC;2/000000053;InChI=1S/C14H17NO2/c1-3-15-10-4-5-14(17)11(2)12-6-8-13(16)9-7-12/h4-9,15-16H,2-3,10H2,1H3/b5-4+;C14H17NO2;231;2.2;3.06;-1.78;2.22;-40;C=C(C(=O)/C=C/CNCC)c1ccc(O)cc1
HD8_HD308;OC1C(Cl)=CC(=C(C=1)N(=O)=O)O;2/000000043;InChI=1S/C6H4ClNO4/c7-3-1-6(10)4(8(11)12)2-5(3)9/h1-2,9-10H;C6H4NO4Cl;189;1.72;3.06;0.35;1.11;0;O=[N+]([O-])c1cc(O)c(Cl)cc1O
HD8_HD309;O[S@@](=O)C1C=CC(=C(C=1)[C@H](CS)C)CCF;3/000000040;InChI=1S/C11H15FO2S2/c1-8(7-15)11-6-10(16(13)14)3-2-9(11)4-5-12/h2-3,6,8,15H,4-5,7H2,1H3,(H,13,14)/t8-/m0/s1;C11H15O2S2F;262;1.45;3.06;-9.42;15.8;-170;C[C@@H](CS)c1cc([S@](=O)O)ccc1CCF
HD8_HD310;O[C@H](CC(=O)O)C1C=C(S=O)C(=CC=1Br)F;3/000000012;InChI=1S/C9H8BrFO4S/c10-5-2-6(11)8(16-15)1-4(5)7(12)3-9(13)14/h1-2,7,12,16H,3H2,(H,13,14)/t7-/m1/s1;C9H8O4SFBr;311;-0.0;3.06;-6.3;17.2;-190;O=[SH]c1cc([C@H](O)CC(=O)O)c(Br)cc1F
HD8_HD311;N[C@@](CI)(C)C(=O)[O-];5/000000077;InChI=1S/C4H8INO2/c1-4(6,2-5)3(7)8/h2,6H2,1H3,(H,7,8)/p-1/t4-/m1/s1;C4H7NO2I;228;-0.07;3.06;-0.46;1.0;-170;C[C@@](N)(CI)C(=O)O
HD8_HD312;OC1=CC=C(C=C1)C(=C)/C=C\[C@@H]1NC1;3/000000125;InChI=1S/C12H13NO/c1-9(2-5-11-8-13-11)10-3-6-12(14)7-4-10/h2-7,11,13-14H,1,8H2/b5-2-/t11-/m0/s1;C12H13NO;187;2.06;3.05;-7.49;3.58;-150;C=C(/C=C\[C@H]1CN1)c1ccc(O)cc1
HD8_HD313;OC1C=C(Cl)C(=CC=1CC[C@@H](CC)N)Cl;4/000000099;InChI=1S/C11H15Cl2NO/c1-2-8(14)4-3-7-5-9(12)10(13)6-11(7)15/h5-6,8,15H,2-4,14H2,1H3/t8-/m1/s1;C11H15NOCl2;247;3.32;3.05;-7.09;3.72;-170;CC[C@@H](N)CCc1cc(Cl)c(Cl)cc1O
HD8_HD314;C=C(C/C(=C\C)/C)C1=NOC(=C1)C(=O)[O-];5/000000167;InChI=1S/C11H13NO3/c1-4-7(2)5-8(3)9-6-10(11(13)14)15-12-9/h4,6H,3,5H2,1-2H3,(H,13,14)/p-1/b7-4-;C11H12NO3;206;1.11;3.05;-1.2;17.2;-80;C=C(C/C(C)=C\C)c1cc(C(=O)O)on1
HD8_HD315;OC[C@@H](/C=C/C1=CCC=CO1)C(=O)[O-];3/000000128;InChI=1S/C10H12O4/c11-7-8(10(12)13)4-5-9-3-1-2-6-14-9/h2-6,8,11H,1,7H2,(H,12,13)/p-1/b5-4+/t8-/m1/s1;C10H11O4;195;-0.09;3.05;-5.68;2.22;-190;O=C(O)[C@H](/C=C/C1=CCC=CO1)CO
HD8_HD316;O[S@@](=O)C1=CC=CC(=C1)NC=C;3/000000197;InChI=1S/C8H9NO2S/c1-2-9-7-4-3-5-8(6-7)12(10)11/h2-6,9H,1H2,(H,10,11);C8H9NO2S;183;-0.16;3.04;-5.15;11.2;0;C=CNc1cccc([S@](=O)O)c1
HD8_HD317;NOC/C=C/[C@H](C/C=C/N)Cl;1/000000091;InChI=1S/C7H13ClN2O/c8-7(3-1-5-9)4-2-6-11-10/h1-2,4-5,7H,3,6,9-10H2/b4-2+,5-1+/t7-/m0/s1;C7H13N2OCl;176;0.05;3.04;-1.56;2.22;-150;N/C=C/C[C@H](Cl)/C=C/CON
HD8_HD318;OC(=O)[C@H](/C=C\CC1=CC=C(C(=C1)Cl)Cl)O;4/000000177;InChI=1S/C11H10Cl2O3/c12-8-5-4-7(6-9(8)13)2-1-3-10(14)11(15)16/h1,3-6,10,14H,2H2,(H,15,16)/b3-1-/t10-/m0/s1;C11H10O3Cl2;260;2.45;3.04;-4.28;2.22;-163;O=C(O)[C@@H](O)/C=C\Cc1ccc(Cl)c(Cl)c1
HD8_HD319;C(=C\C1=NOC(=C1)C(=O)[O-])\[C@@H]1OOCCC1;5/000000057;InChI=1S/C10H11NO5/c12-10(13)9-6-7(11-15-9)3-4-8-2-1-5-14-16-8/h3-4,6,8H,1-2,5H2,(H,12,13)/p-1/b4-3-/t8-/m1/s1;C10H10NO5;224;0.89;3.04;-2.48;2.22;-150;O=C(O)c1cc(/C=C\[C@H]2CCCOO2)no1
HD8_HD320;O[C@H](/C=C(/C1=CSC=N1)\C=C)N;3/000000191;InChI=1S/C8H10N2OS/c1-2-6(3-8(9)11)7-4-12-5-10-7/h2-5,8,11H,1,9H2/b6-3+/t8-/m1/s1;C8H10N2OS;182;0.61;3.04;-1.95;2.22;-150;C=C/C(=C\[C@H](N)O)c1cscn1
HD8_HD321;C1=CNC(=N1)/C=C/COC(=O)CNNCC;4/000000118;InChI=1S/C10H16N4O2/c1-2-13-14-8-10(15)16-7-3-4-9-11-5-6-12-9/h3-6,13-14H,2,7-8H2,1H3,(H,11,12)/b4-3+;C10H16N4O2;224;0.98;3.03;0.56;2.22;-20;CCNNCC(=O)OC/C=C/c1ncc[nH]1
HD8_HD322;OC(=S)NC1C=CC(=CC=1)C[C@@H](CO)O;6/000000004;InChI=1S/C10H13NO3S/c12-6-9(13)5-7-1-3-8(4-2-7)11-10(14)15/h1-4,9,12-13H,5-6H2,(H2,11,14,15)/t9-/m0/s1;C10H13NO3S;227;0.31;3.03;-5.5;2.22;-170;OC[C@@H](O)Cc1ccc(NC(O)=S)cc1
HD8_HD323;OC(=S)NC1C=C(OP(O)([O])=O)C=CC=1;6/000000005;InChI=1S/C7H7NO5PS/c9-7(15)8-5-2-1-3-6(4-5)13-14(10,11)12/h1-4H,(H,10,11)(H2,8,9,15);C7H7NO5PS;248;-0.13;3.02;-7.4;16.7;-20;[O]P(=O)(O)Oc1cccc(NC(O)=S)c1
HD8_HD324;O[S@@](=O)C1C=CC=C(C=1)C1=NNN=N1;3/000000033;InChI=1S/C7H6N4O2S/c12-14(13)6-3-1-2-5(4-6)7-8-10-11-9-7/h1-4H,(H,12,13)(H,8,9,10,11);C7H6N4O2S;210;0.13;3.02;-7.09;18.0;-120;O=[S@](O)c1cccc(-c2nn[nH]n2)c1
HD8_HD325;NN[C@H](CC1=CC=CC2=C1C=CS2)C=C;4/000000102;InChI=1S/C12H14N2S/c1-2-10(14-13)8-9-4-3-5-12-11(9)6-7-15-12/h2-7,10,14H,1,8,13H2/t10-/m0/s1;C12H14N2S;218;2.57;3.02;-8.23;2.35;-190;C=C[C@@H](Cc1cccc2sccc12)NN
HD8_HD326;O[C@](C)(C1=CCC=C1)C1=NN=C(S1)C(=O)[O-];5/000000106;InChI=1S/C10H10N2O3S/c1-10(15,6-4-2-3-5-6)9-12-11-7(16-9)8(13)14/h2,4-5,15H,3H2,1H3,(H,13,14)/p-1/t10-/m1/s1;C10H9N2O3S;237;0.27;3.01;-3.26;3.58;-190;C[C@@](O)(C1=CCC=C1)c1nnc(C(=O)O)s1
HD8_HD327;O[C@@H](CCl)C1=CON=C1O;2/000000005;InChI=1S/C5H6ClNO3/c6-1-4(8)3-2-10-7-5(3)9/h2,4,8H,1H2,(H,7,9)/t4-/m0/s1;C5H6NO3Cl;163;0.64;3.01;5.36;1.0;-150;Oc1nocc1[C@@H](O)CCl
HD8_HD328;OC1=CC=C(C=C1)C(=C)C(=O)C1=CNCS1;2/000000052;InChI=1S/C12H11NO2S/c1-8(9-2-4-10(14)5-3-9)12(15)11-6-13-7-16-11/h2-6,13-14H,1,7H2;C12H11NO2S;233;1.92;3.01;-0.41;2.22;0;C=C(C(=O)C1=CNCS1)c1ccc(O)cc1
HD8_HD329;S[C@H](CC(=O)C1=CC(O)=C(C=C1Cl)O)C;2/000000010;InChI=1S/C10H11ClO3S/c1-5(15)2-8(12)6-3-9(13)10(14)4-7(6)11/h3-5,13-15H,2H2,1H3/t5-/m0/s1;C10H11O3SCl;246;2.47;3.0;-2.06;2.22;-190;C[C@H](S)CC(=O)c1cc(O)c(O)cc1Cl
HD8_HD330;O=C1NN=C(N1)C[C@@H](C1=CSC=N1)C=C;3/000000193;InChI=1S/C9H10N4OS/c1-2-6(7-4-15-5-10-7)3-8-11-9(14)13-12-8/h2,4-6H,1,3H2,(H2,11,12,13,14)/t6-/m0/s1;C9H10N4OS;222;1.07;3.0;-1.47;2.22;-150;C=C[C@@H](Cc1n[nH]c(=O)[nH]1)c1cscn1
